{"type":"FeatureCollection","name":"Kunshan-area waterways teaching snapshot","bbox":[120.78,31.08,121.1,31.43],"metadata":{"retrieved":"2026-09-20","source":"OpenStreetMap contributors via Overpass API","source_url":"https://www.openstreetmap.org/","query_bbox_south_west_north_east":"31.08,120.78,31.43,121.10","license":"Open Data Commons Open Database License (ODbL) 1.0","license_url":"https://opendatacommons.org/licenses/odbl/1-0/","attribution":"© OpenStreetMap contributors","selection":"Named, river-class, and longest ways prioritized; 420 ways retained and geometry simplified.","limitations":"A volunteered geographic-information snapshot; completeness and tagging vary. It is not a water-quality or hydrological-flow dataset."},"features":[{"type":"Feature","id":"way/755542984","properties":{"osm_id":755542984,"name":"吴淞江","name_en":"Suzhou Creek","waterway":"river","source_url":"https://www.openstreetmap.org/way/755542984"},"geometry":{"type":"LineString","coordinates":[[120.7420649,31.2179994],[120.7482107,31.2265295],[120.7493036,31.2294482],[120.7520209,31.2346714],[120.7594566,31.239894],[120.7657527,31.2472956],[120.7676993,31.2516302],[120.7683784,31.2549802],[120.7691952,31.2620091],[120.7703744,31.2664764],[120.7719299,31.2680923],[120.7742908,31.269434],[120.775784,31.2698891],[120.7780005,31.2702102],[120.7879804,31.2705828],[120.7907248,31.2703843],[120.7954643,31.269316],[120.7969509,31.2692297],[120.7991764,31.2695003],[120.8003194,31.2702062],[120.8009943,31.2714521],[120.8011173,31.2726849],[120.8006587,31.2746939],[120.7993998,31.2772389],[120.7960811,31.2804343],[120.7944822,31.2813942],[120.8039434,31.2949225],[120.8113546,31.2941394],[120.8233097,31.291805],[120.8286023,31.2902858],[120.8304127,31.2891429],[120.8332174,31.2863581],[120.8349082,31.2850897],[120.8367269,31.2844237],[120.8389087,31.2841675],[120.840824,31.2846087],[120.842323,31.2856477],[120.8449961,31.2889427],[120.8468115,31.2922375],[120.848019,31.2948562],[120.8493264,31.3009258],[120.8504494,31.3041136],[120.853466,31.30786],[120.8566183,31.3101931],[120.8625401,31.3137103],[120.8653127,31.314464],[120.8697237,31.3143922],[120.8788817,31.3137821],[120.8838809,31.3137103],[120.8866955,31.31511],[120.8963056,31.3233704],[120.8994752,31.3249987],[120.9016089,31.3247279],[120.9025751,31.3240102],[120.9034153,31.3223594],[120.9040034,31.3188425],[120.9050116,31.3167609],[120.905437,31.3159397],[120.9062236,31.3151732],[120.9070697,31.3147518],[120.9082772,31.314563],[120.9100205,31.3147446],[120.9158921,31.3147152],[120.9189109,31.3153655],[120.9208024,31.3152431],[120.9238739,31.3138539],[120.9250922,31.3139257],[120.9260584,31.3148229],[120.9269149,31.319389],[120.9290276,31.3229609],[120.9310441,31.3255103],[120.9359642,31.3293456],[120.9390561,31.3347195],[120.9408575,31.3368552],[120.9433579,31.3378656],[120.9455894,31.338233],[120.948223,31.3375139],[120.9508166,31.3347002],[120.9519135,31.3322016],[120.9521176,31.3278972],[120.9525343,31.3269322],[120.9535945,31.3253148],[120.9545852,31.3244131],[120.9568306,31.3230091],[120.9588824,31.3222066],[120.9614232,31.3217594],[120.9650251,31.3215339],[120.9665251,31.321617],[120.9711686,31.3228193],[120.9733364,31.3229048],[120.9779106,31.3218446],[120.9818323,31.3197996],[120.9852738,31.3175027],[120.993263,31.3089368],[120.9989241,31.2995128],[120.9989602,31.297903],[120.9979385,31.2961341],[120.9947659,31.2934231],[120.9942551,31.2925501],[120.9940114,31.2907706],[120.994417,31.2896381],[120.9948635,31.2891672],[120.9960104,31.2885645],[120.999164,31.2884815],[121.0031506,31.2887706]]}},{"type":"Feature","id":"way/80396857","properties":{"osm_id":80396857,"name":"淀浦河","name_en":"Dianpu River","waterway":"river","source_url":"https://www.openstreetmap.org/way/80396857"},"geometry":{"type":"LineString","coordinates":[[121.0921835,31.1365104],[121.1061906,31.1415554],[121.1102494,31.1433238],[121.1137479,31.1439532],[121.1197013,31.1443785],[121.1383547,31.1446102],[121.1394915,31.1449605],[121.1437595,31.1451585],[121.1502418,31.1443891],[121.1667578,31.1468172],[121.1707687,31.1466426],[121.1734446,31.1462467],[121.178589,31.1450321],[121.1879466,31.1413124],[121.1931931,31.1381861],[121.1964114,31.137774],[121.2051981,31.1376304],[121.2198331,31.1409707],[121.231275,31.1409328],[121.2424508,31.1424131],[121.2785422,31.1349617],[121.3422135,31.119866],[121.3432865,31.1197679],[121.3456383,31.1198407],[121.3889138,31.1305742],[121.3910196,31.1304527],[121.3928435,31.1298262],[121.3975023,31.1276211],[121.3993073,31.1272374],[121.4010132,31.1270996],[121.4116294,31.1283948]]}},{"type":"Feature","id":"way/71919534","properties":{"osm_id":71919534,"name":"新浏河","name_en":"Xinliu","waterway":"river","source_url":"https://www.openstreetmap.org/way/71919534"},"geometry":{"type":"LineString","coordinates":[[121.0367369,31.4044078],[121.0396829,31.4063196],[121.0523115,31.41665],[121.0638378,31.4238457],[121.0700869,31.4270414],[121.0898656,31.4316127],[121.1108065,31.4368369],[121.1372162,31.4440564],[121.1457128,31.4471517],[121.2139233,31.4773949],[121.2524325,31.4942447],[121.2574299,31.4968058],[121.2653056,31.5012709]]}},{"type":"Feature","id":"way/401154344","properties":{"osm_id":401154344,"name":"娄江","name_en":"Liujiang River","waterway":"river","source_url":"https://www.openstreetmap.org/way/401154344"},"geometry":{"type":"LineString","coordinates":[[120.6361043,31.3263982],[120.6437016,31.3275602],[120.6454557,31.3281261],[120.7123071,31.3416521],[120.7167301,31.3426005],[120.7205039,31.344172],[120.7235245,31.3449738],[120.7446545,31.3488084],[120.750196,31.3492024],[120.7578939,31.3502194],[120.7932368,31.3572805],[120.8206442,31.3620951],[120.8255816,31.363264],[120.8423056,31.366389]]}},{"type":"Feature","id":"way/1100067310","properties":{"osm_id":1100067310,"name":"吴淞江","name_en":"Suzhou Creek","waterway":"river","source_url":"https://www.openstreetmap.org/way/1100067310"},"geometry":{"type":"LineString","coordinates":[[121.0389207,31.2787194],[121.0480874,31.2722206],[121.0526471,31.2709931],[121.0573418,31.2700038],[121.0606938,31.2698697],[121.0647123,31.270277],[121.0681756,31.2712661],[121.0742009,31.2715092],[121.0752011,31.2718392],[121.0766819,31.2726788],[121.0786205,31.2749742],[121.0816734,31.2809765],[121.0849166,31.2843983],[121.0869441,31.2857511],[121.089274,31.2859639],[121.0907502,31.2840336],[121.0935603,31.278896],[121.0941273,31.2783846],[121.099714,31.2757647],[121.1011005,31.2755315],[121.1058878,31.2762431],[121.1072551,31.2767223],[121.1125907,31.2799752],[121.1158277,31.28148],[121.1179009,31.2822024],[121.1199911,31.2826561],[121.1225087,31.2829303],[121.1240873,31.282516],[121.1250583,31.28186],[121.1265878,31.2800816],[121.1369923,31.2768895],[121.1379737,31.2767995],[121.1412635,31.2772173],[121.1450815,31.2773222],[121.1483484,31.278317],[121.1506444,31.278748],[121.1608663,31.2783766],[121.1759055,31.2769829]]}},{"type":"Feature","id":"way/678032641","properties":{"osm_id":678032641,"name":"淀浦河","name_en":"Dianpu River","waterway":"river","source_url":"https://www.openstreetmap.org/way/678032641"},"geometry":{"type":"LineString","coordinates":[[120.9504341,31.1004616],[120.9788275,31.1049793],[120.9908438,31.1060816],[121.001358,31.1078821],[121.0315108,31.1097309],[121.0389301,31.109302],[121.0414503,31.1099096],[121.047942,31.1125256],[121.0592052,31.1157918],[121.0637748,31.1189018],[121.075656,31.1256862],[121.0777195,31.1271892],[121.0810286,31.1300464],[121.0841549,31.1318764],[121.0872913,31.1333571],[121.0921835,31.1365104]]}},{"type":"Feature","id":"way/80396846","properties":{"osm_id":80396846,"name":"夏驾河","name_en":null,"waterway":"river","source_url":"https://www.openstreetmap.org/way/80396846"},"geometry":{"type":"LineString","coordinates":[[121.0369772,31.3134678],[121.0376791,31.3141806],[121.0402083,31.3155749],[121.0408493,31.3161577],[121.0411858,31.3168965],[121.0408835,31.3181391],[121.0399574,31.3200564],[121.0376499,31.3263756],[121.0355244,31.3301705],[121.0359998,31.3328501],[121.0367926,31.3352824],[121.0368281,31.3394811],[121.0377062,31.342306],[121.0371912,31.3463342],[121.0376882,31.3485349],[121.0379936,31.3523962],[121.0393259,31.3578818],[121.0392674,31.3589954],[121.038582,31.3614501],[121.0390562,31.3625375],[121.0396771,31.3629687],[121.0416776,31.3802592],[121.0417514,31.382603],[121.0421888,31.3840202],[121.0426035,31.3894209],[121.0425521,31.390249],[121.0423065,31.3908244],[121.0423179,31.3926189],[121.0419502,31.3954336],[121.0377514,31.4031162],[121.0367369,31.4044078]]}},{"type":"Feature","id":"way/890768734","properties":{"osm_id":890768734,"name":"中央河","name_en":null,"waterway":"river","source_url":"https://www.openstreetmap.org/way/890768734"},"geometry":{"type":"LineString","coordinates":[[120.7088564,31.3225716],[120.7259122,31.3242843],[120.7263764,31.3241442],[120.7266202,31.324487],[120.7462648,31.3264828],[120.7475305,31.3263461],[120.7490624,31.3267913],[120.7500923,31.3266699],[120.7506132,31.3268696],[120.7553902,31.327337],[120.7555598,31.3241152],[120.8049739,31.3290679]]}},{"type":"Feature","id":"way/360142828","properties":{"osm_id":360142828,"name":"金鸡河","name_en":null,"waterway":"river","source_url":"https://www.openstreetmap.org/way/360142828"},"geometry":{"type":"LineString","coordinates":[[121.0010876,31.3969856],[121.0013661,31.3993065],[121.0011197,31.4025841],[121.0005168,31.4061366],[121.0000276,31.4070444],[121.0000388,31.4080991],[120.9995372,31.4117534],[121.0007256,31.4218085],[121.0006818,31.424779],[121.0009933,31.4265753],[121.0016965,31.428288],[121.0025955,31.42975],[121.0034945,31.4303892],[121.0041808,31.4312927],[121.004552,31.4321959],[121.0056829,31.4417968],[121.0077504,31.4504299],[121.0090712,31.4583723],[121.0075628,31.4636091],[121.0054625,31.4750967],[121.0055202,31.4766205],[121.0059351,31.4791164]]}},{"type":"Feature","id":"way/893599323","properties":{"osm_id":893599323,"name":"中塘河","name_en":null,"waterway":"river","source_url":"https://www.openstreetmap.org/way/893599323"},"geometry":{"type":"LineString","coordinates":[[120.712745,31.3137719],[120.7173715,31.3133914],[120.7222641,31.3118487],[120.7329729,31.3109522],[120.7483247,31.311218],[120.7974534,31.3135015],[120.8018231,31.3140688],[120.808965,31.3158675]]}},{"type":"Feature","id":"way/1100067308","properties":{"osm_id":1100067308,"name":"吴淞江","name_en":"Suzhou Creek","waterway":"river","source_url":"https://www.openstreetmap.org/way/1100067308"},"geometry":{"type":"LineString","coordinates":[[121.0031506,31.2887706],[121.0074422,31.2908931],[121.0146283,31.2930684],[121.0155747,31.2940535],[121.0170889,31.2967148],[121.0181385,31.2977],[121.0201862,31.2986263],[121.0220617,31.2998613],[121.0227328,31.3009346],[121.024129,31.3051023],[121.0250357,31.309432],[121.0265507,31.3107445],[121.0279275,31.3123746],[121.0325032,31.31338],[121.0369772,31.3134678],[121.0372728,31.313034],[121.0374449,31.3118433],[121.0378854,31.3112652],[121.0402248,31.3101782],[121.0412786,31.3090042],[121.042801,31.3065851],[121.0441701,31.3029854],[121.0447612,31.2978167],[121.0442315,31.294886],[121.0436752,31.2936592],[121.041111,31.2910555],[121.0378385,31.2895812],[121.0363979,31.2872406],[121.0361133,31.2841248],[121.0372871,31.2812368],[121.0389207,31.2787194]]}},{"type":"Feature","id":"way/401154345","properties":{"osm_id":401154345,"name":"茆沙塘","name_en":null,"waterway":"river","source_url":"https://www.openstreetmap.org/way/401154345"},"geometry":{"type":"LineString","coordinates":[[120.9027521,31.4617604],[120.9013764,31.4574855],[120.9009979,31.4548295],[120.9002924,31.4420282],[120.9006065,31.4392172],[120.9000718,31.4354046],[120.9001428,31.4336566],[120.8996573,31.4306708],[120.8994709,31.4279972],[120.8996649,31.4271797],[120.907023,31.4225516],[120.9147678,31.4179989],[120.9236373,31.4119506],[120.927445,31.4087713],[120.9312231,31.4077678],[120.9328632,31.4071715],[120.933305,31.4068441],[120.9337637,31.405869],[120.9337654,31.3969575]]}},{"type":"Feature","id":"way/755542983","properties":{"osm_id":755542983,"name":"斜塘河","name_en":null,"waterway":"river","source_url":"https://www.openstreetmap.org/way/755542983"},"geometry":{"type":"LineString","coordinates":[[120.7119584,31.3043318],[120.7250798,31.305056],[120.7329118,31.3049185],[120.7336306,31.3046343],[120.7379329,31.304176],[120.7394349,31.3035893],[120.7458186,31.302095],[120.7568475,31.2999682],[120.7655729,31.2979451],[120.7706451,31.297493],[120.7751433,31.2964349],[120.7789167,31.2965473],[120.7875372,31.2974369],[120.7935893,31.2967265],[120.8039434,31.2949225]]}},{"type":"Feature","id":"way/984003891","properties":{"osm_id":984003891,"name":"新浏河","name_en":"Xinliu","waterway":"river","source_url":"https://www.openstreetmap.org/way/984003891"},"geometry":{"type":"LineString","coordinates":[[120.8423056,31.366389],[120.8502965,31.3681303],[120.8552747,31.3685884],[120.8723336,31.3721243],[120.8756595,31.3731686],[120.8815389,31.374396],[120.8849507,31.3756143],[120.8983188,31.3780967],[120.9016018,31.3785363],[120.9308294,31.3779013]]}},{"type":"Feature","id":"way/71919511","properties":{"osm_id":71919511,"name":"青阳港","name_en":null,"waterway":"river","source_url":"https://www.openstreetmap.org/way/71919511"},"geometry":{"type":"LineString","coordinates":[[120.9779106,31.3218446],[120.9806616,31.3343392],[120.9833264,31.3413744],[120.9842027,31.3571738],[120.9869079,31.3665729],[120.9863112,31.3690426],[120.9833343,31.373211],[120.9833343,31.3747191],[120.9838772,31.3762268],[120.9839265,31.3770553],[120.9837085,31.3776676],[120.982342,31.3789889],[120.98197,31.379771],[120.9823092,31.3806872],[120.9834092,31.3822868],[120.9835819,31.3830764],[120.9835129,31.3838684],[120.9811447,31.3929291]]}},{"type":"Feature","id":"way/308159912","properties":{"osm_id":308159912,"name":"大直港","name_en":null,"waterway":"river","source_url":"https://www.openstreetmap.org/way/308159912"},"geometry":{"type":"LineString","coordinates":[[120.9143584,31.2470213],[120.9148836,31.2479383],[120.9147334,31.2501764],[120.9149265,31.2508918],[120.9175229,31.2539919],[120.917952,31.2547624],[120.917995,31.2573671],[120.9179091,31.2587061],[120.9171796,31.2607972],[120.9157419,31.2627965],[120.9156346,31.2651442],[120.914948,31.2667216],[120.9144515,31.2712361],[120.9135857,31.2742961],[120.9134569,31.2752956],[120.9143045,31.2781565],[120.9141006,31.2809165],[120.9143581,31.2840523],[120.9141221,31.2873806],[120.9118369,31.2938075],[120.9121051,31.2969704],[120.9153849,31.2980641],[120.9190327,31.3000626],[120.920892,31.3026083],[120.9237244,31.3084018],[120.9252554,31.3126393],[120.9253025,31.314121]]}},{"type":"Feature","id":"way/87678187","properties":{"osm_id":87678187,"name":"皇仓泾","name_en":null,"waterway":"river","source_url":"https://www.openstreetmap.org/way/87678187"},"geometry":{"type":"LineString","coordinates":[[120.9528984,31.3936431],[120.9500899,31.4034329],[120.9499881,31.4488294],[120.9489094,31.4550056],[120.9467676,31.457895],[120.9459014,31.4600115],[120.9452342,31.460729],[120.9452981,31.4628545]]}},{"type":"Feature","id":"way/785776752","properties":{"osm_id":785776752,"name":"青秋浦","name_en":null,"waterway":"river","source_url":"https://www.openstreetmap.org/way/785776752"},"geometry":{"type":"LineString","coordinates":[[120.81469,31.2935332],[120.8145763,31.2969545],[120.8133989,31.3019786],[120.8060952,31.3250097],[120.8017247,31.3395593],[120.7994976,31.3464672],[120.7984038,31.3489037],[120.7938496,31.354491],[120.7936939,31.35537],[120.793824,31.3562336],[120.7944251,31.3574529]]}},{"type":"Feature","id":"way/44686886","properties":{"osm_id":44686886,"name":"拦路港","name_en":"Lanlu River","waterway":"river","source_url":"https://www.openstreetmap.org/way/44686886"},"geometry":{"type":"LineString","coordinates":[[120.9756995,31.0911875],[120.9927186,31.0836761],[121.0229686,31.065466],[121.0290768,31.0626897],[121.0364467,31.0572616]]}},{"type":"Feature","id":"way/344069344","properties":{"osm_id":344069344,"name":"胥沟江","name_en":null,"waterway":"river","source_url":"https://www.openstreetmap.org/way/344069344"},"geometry":{"type":"LineString","coordinates":[[121.0834864,31.2294886],[121.0939836,31.2317584],[121.0955448,31.231317],[121.1005005,31.2324654],[121.1061083,31.2325851],[121.1086242,31.2336584],[121.1099975,31.2339795],[121.1156409,31.2335071],[121.1175774,31.2323374],[121.1231422,31.2311831],[121.1242633,31.2310776],[121.1282598,31.2314583],[121.1329644,31.2310363],[121.1374169,31.233128],[121.1522415,31.2351931]]}},{"type":"Feature","id":"way/233900834","properties":{"osm_id":233900834,"name":"园区第29号河","name_en":null,"waterway":"river","source_url":"https://www.openstreetmap.org/way/233900834"},"geometry":{"type":"LineString","coordinates":[[120.7935893,31.2967265],[120.7944623,31.2985589],[120.7945789,31.2996616],[120.7900117,31.3275382],[120.7874015,31.3385097],[120.7819,31.3487532],[120.7806193,31.354782]]}},{"type":"Feature","id":"way/27582929","properties":{"osm_id":27582929,"name":"老浏河","name_en":null,"waterway":"river","source_url":"https://www.openstreetmap.org/way/27582929"},"geometry":{"type":"LineString","coordinates":[[121.0700869,31.4270414],[121.0703407,31.4274698],[121.0719524,31.4284744],[121.0748321,31.4307695],[121.0797454,31.437046],[121.0805181,31.4375515],[121.0824372,31.4379068],[121.0842592,31.4363229],[121.0882757,31.433423],[121.0898656,31.4316127],[121.091379,31.4284556],[121.0920752,31.4274015],[121.094246,31.4258817],[121.0995944,31.428276],[121.1030151,31.4289037],[121.106078,31.4287063],[121.1073583,31.428392],[121.112721,31.4286215],[121.115703,31.4290389],[121.1163313,31.4288915],[121.1173566,31.4282882],[121.1196741,31.4266439],[121.1226867,31.4273619],[121.1248583,31.4282309]]}},{"type":"Feature","id":"way/890774398","properties":{"osm_id":890774398,"name":"新开河","name_en":null,"waterway":"river","source_url":"https://www.openstreetmap.org/way/890774398"},"geometry":{"type":"LineString","coordinates":[[120.8193855,31.3399544],[120.8219029,31.3312629],[120.8344452,31.2962395],[120.8352085,31.2936892],[120.8359027,31.2905204],[120.8355968,31.2878176],[120.8349082,31.2850897]]}},{"type":"Feature","id":"way/888268979","properties":{"osm_id":888268979,"name":"新浏河","name_en":"Xinliu","waterway":"river","source_url":"https://www.openstreetmap.org/way/888268979"},"geometry":{"type":"LineString","coordinates":[[120.9811447,31.3929291],[120.9831847,31.3941642],[120.9872928,31.3944183],[121.0168523,31.3998352],[121.0271241,31.4031767],[121.0338687,31.4038053],[121.0367369,31.4044078]]}},{"type":"Feature","id":"way/774666315","properties":{"osm_id":774666315,"name":"沽浦河","name_en":null,"waterway":"river","source_url":"https://www.openstreetmap.org/way/774666315"},"geometry":{"type":"LineString","coordinates":[[120.809255,31.3374305],[120.817337,31.3129466],[120.8173531,31.3111728],[120.8225331,31.2959602],[120.8233097,31.291805]]}},{"type":"Feature","id":"way/87678057","properties":{"osm_id":87678057,"name":"新浏河","name_en":"Xinliu","waterway":"river","source_url":"https://www.openstreetmap.org/way/87678057"},"geometry":{"type":"LineString","coordinates":[[120.9377521,31.3935616],[120.9417298,31.3945205],[120.9446459,31.3955892],[120.9464934,31.3959858],[120.9492368,31.3960838],[120.950138,31.395809],[120.9513826,31.3945269],[120.9528984,31.3936431],[120.954885,31.3927402],[120.9582276,31.3919259],[120.9770167,31.3920932],[120.9811447,31.3929291]]}},{"type":"Feature","id":"way/185996307","properties":{"osm_id":185996307,"name":"赵田港","name_en":null,"waterway":"river","source_url":"https://www.openstreetmap.org/way/185996307"},"geometry":{"type":"LineString","coordinates":[[120.9098925,31.2085213],[120.9100983,31.2072956],[120.910565,31.2062816],[120.9109883,31.2045587],[120.9105894,31.2018075],[120.9102807,31.2009454],[120.9085027,31.1986506],[120.9043745,31.1905197],[120.9037576,31.1868531],[120.9040848,31.1853203],[120.9039882,31.1844529],[120.9022716,31.1812771],[120.8992925,31.1737602]]}},{"type":"Feature","id":"way/890774393","properties":{"osm_id":890774393,"name":"金胜河","name_en":null,"waterway":"river","source_url":"https://www.openstreetmap.org/way/890774393"},"geometry":{"type":"LineString","coordinates":[[120.8102497,31.311775],[120.8310697,31.3170253],[120.8388821,31.3184793],[120.8442128,31.3197751]]}},{"type":"Feature","id":"way/785504400","properties":{"osm_id":785504400,"name":"园区第30号河","name_en":null,"waterway":"river","source_url":"https://www.openstreetmap.org/way/785504400"},"geometry":{"type":"LineString","coordinates":[[120.8001346,31.3441831],[120.7985828,31.3437646],[120.7744944,31.3396589],[120.7737446,31.3391221]]}},{"type":"Feature","id":"way/1493806464","properties":{"osm_id":1493806464,"name":"高泾江","name_en":null,"waterway":"river","source_url":"https://www.openstreetmap.org/way/1493806464"},"geometry":{"type":"LineString","coordinates":[[121.0621994,31.2256388],[121.0735231,31.2278394],[121.0759371,31.2279311],[121.0807597,31.2292339],[121.0834864,31.2294886]]}},{"type":"Feature","id":"way/335046504","properties":{"osm_id":335046504,"name":"新浏河","name_en":"Xinliu","waterway":"river","source_url":"https://www.openstreetmap.org/way/335046504"},"geometry":{"type":"LineString","coordinates":[[120.9308294,31.3779013],[120.9361294,31.385655],[120.9378111,31.3920138],[120.9377521,31.3935616]]}},{"type":"Feature","id":"way/766167485","properties":{"osm_id":766167485,"name":"胜巷港","name_en":null,"waterway":"river","source_url":"https://www.openstreetmap.org/way/766167485"},"geometry":{"type":"LineString","coordinates":[[120.8281631,31.3072196],[120.8127211,31.3040921]]}},{"type":"Feature","id":"way/888813328","properties":{"osm_id":888813328,"name":"张江河","name_en":null,"waterway":"river","source_url":"https://www.openstreetmap.org/way/888813328"},"geometry":{"type":"LineString","coordinates":[[120.8183913,31.3080711],[120.8293236,31.310295]]}},{"type":"Feature","id":"way/890774401","properties":{"osm_id":890774401,"name":"苏胜河","name_en":null,"waterway":"river","source_url":"https://www.openstreetmap.org/way/890774401"},"geometry":{"type":"LineString","coordinates":[[120.8159902,31.3170258],[120.825964,31.3195868]]}},{"type":"Feature","id":"way/1493806462","properties":{"osm_id":1493806462,"name":"太刁浜","name_en":null,"waterway":"river","source_url":"https://www.openstreetmap.org/way/1493806462"},"geometry":{"type":"LineString","coordinates":[[121.0738848,31.2191635],[121.0731009,31.2277574]]}},{"type":"Feature","id":"way/1493806465","properties":{"osm_id":1493806465,"name":"毛家浜","name_en":null,"waterway":"river","source_url":"https://www.openstreetmap.org/way/1493806465"},"geometry":{"type":"LineString","coordinates":[[121.0947741,31.2241418],[121.0940118,31.2279651],[121.0930306,31.2280134],[121.0928268,31.228174],[121.0925269,31.2314416]]}},{"type":"Feature","id":"way/890774403","properties":{"osm_id":890774403,"name":"振胜河","name_en":null,"waterway":"river","source_url":"https://www.openstreetmap.org/way/890774403"},"geometry":{"type":"LineString","coordinates":[[120.817747,31.3099961],[120.8228912,31.3117635],[120.8264413,31.3126343]]}},{"type":"Feature","id":"way/755492006","properties":{"osm_id":755492006,"name":"官塘","name_en":null,"waterway":"river","source_url":"https://www.openstreetmap.org/way/755492006"},"geometry":{"type":"LineString","coordinates":[[121.0679409,31.1090516],[121.0673162,31.1084309],[121.0661199,31.1081787],[121.0635786,31.1093242],[121.0632214,31.1092029],[121.0627613,31.1084939]]}},{"type":"Feature","id":"way/1281949304","properties":{"osm_id":1281949304,"name":"官塘","name_en":null,"waterway":"river","source_url":"https://www.openstreetmap.org/way/1281949304"},"geometry":{"type":"LineString","coordinates":[[121.0624855,31.1094258],[121.063165,31.1091305]]}},{"type":"Feature","id":"way/305660195","properties":{"osm_id":305660195,"name":"支浦江","name_en":null,"waterway":"canal","source_url":"https://www.openstreetmap.org/way/305660195"},"geometry":{"type":"LineString","coordinates":[[120.8449961,31.2889427],[120.8491599,31.285911],[120.8495596,31.2851674],[120.8507524,31.2843135],[120.8524906,31.2839742],[120.8545934,31.2830573],[120.8571847,31.2814935],[120.860864,31.2811774],[120.863616,31.2783764],[120.8648022,31.2762051],[120.8673505,31.2752711],[120.8686189,31.2739507],[120.8696857,31.273529],[120.8739874,31.2733804],[120.8763291,31.2736862],[120.8822321,31.2732831],[120.8855983,31.2737696],[120.8867204,31.2741032],[120.8953068,31.2740431],[120.8972467,31.2744419],[120.9015018,31.2741888],[120.9034759,31.2749591],[120.9061731,31.2753589],[120.9088768,31.2755056],[120.9134569,31.2752956],[120.9193052,31.2754322],[120.9371644,31.2762428],[120.96568,31.2771169],[120.9976675,31.2775061]]}},{"type":"Feature","id":"way/80397097","properties":{"osm_id":80397097,"name":"西大盈港","name_en":null,"waterway":"canal","source_url":"https://www.openstreetmap.org/way/80397097"},"geometry":{"type":"LineString","coordinates":[[121.0872913,31.1333571],[121.0832379,31.1771439],[121.0824511,31.1840785],[121.0834427,31.1870384],[121.0835792,31.1881062],[121.0830951,31.1909553],[121.0821165,31.1931197],[121.0823619,31.1938609],[121.082292,31.1951217],[121.0827406,31.1963395],[121.0823245,31.1986289],[121.0827167,31.2002156],[121.0826252,31.2019291],[121.082816,31.2032346],[121.0826599,31.2045608],[121.0827773,31.2051006],[121.0839587,31.2072799],[121.0842995,31.2098771],[121.0857613,31.2117289],[121.0847796,31.2152717],[121.0850649,31.2173842],[121.0845339,31.2189882],[121.0854634,31.2206717],[121.0847815,31.2220839],[121.0851183,31.2236837],[121.0849134,31.2258494],[121.0835708,31.2276691],[121.0832035,31.2284608],[121.0831558,31.2289277],[121.0835419,31.2299396],[121.0828521,31.2321712],[121.083126,31.2338632],[121.0827022,31.2355542],[121.0830554,31.2366212],[121.0830711,31.2377693],[121.0824831,31.239509],[121.081376,31.2412584],[121.0816001,31.2440915],[121.0814564,31.2444447],[121.0800321,31.2456698],[121.0790959,31.247264],[121.0788168,31.2500999]]}},{"type":"Feature","id":"way/678032635","properties":{"osm_id":678032635,"name":"西大盈港","name_en":null,"waterway":"canal","source_url":"https://www.openstreetmap.org/way/678032635"},"geometry":{"type":"LineString","coordinates":[[121.0968029,31.030986],[121.090343,31.0985119],[121.0872913,31.1333571]]}},{"type":"Feature","id":"way/80396839","properties":{"osm_id":80396839,"name":"吴塘","name_en":null,"waterway":"canal","source_url":"https://www.openstreetmap.org/way/80396839"},"geometry":{"type":"LineString","coordinates":[[121.094246,31.4258817],[121.0961326,31.4245309],[121.0972532,31.4227968],[121.0980612,31.4211268],[121.0991522,31.4203339],[121.1001366,31.4191391],[121.100496,31.4179214],[121.1004345,31.4172237],[121.0993635,31.4162156],[121.0991951,31.4159437],[121.099281,31.4155317],[121.1006789,31.4148942],[121.1012792,31.4148679],[121.1019782,31.4149405],[121.102846,31.415681],[121.1033109,31.4157604],[121.1044266,31.4148347],[121.1045816,31.4140676],[121.1042406,31.4129567],[121.1043026,31.4123484],[121.1059762,31.4113168],[121.1054803,31.4099149],[121.1055113,31.4093859],[121.10708,31.4090052],[121.1091091,31.4077595],[121.1101042,31.4063743],[121.1119048,31.4046259],[121.1133626,31.4041542],[121.1135936,31.4034668],[121.1142315,31.4032084],[121.1154618,31.4019915],[121.1164572,31.4004789],[121.1175757,31.4002818],[121.1181352,31.3998672],[121.1184976,31.3990166],[121.1198109,31.3981302],[121.1196356,31.3972118],[121.1207816,31.3966347],[121.121579,31.3955341],[121.1231602,31.3948035],[121.1237221,31.3936635],[121.1251007,31.3935994],[121.125613,31.3928897],[121.1278661,31.3911152],[121.1285313,31.3898891],[121.1297725,31.3887803],[121.1302452,31.3879022],[121.1315717,31.3865622],[121.1319196,31.3857041],[121.1328313,31.3848193],[121.134084,31.3822387],[121.1343839,31.3810989],[121.1353728,31.3810802],[121.1384411,31.3797816],[121.1396143,31.3796554],[121.147076,31.3729428],[121.1522985,31.368557],[121.1624753,31.3563369],[121.1629605,31.3555217]]}},{"type":"Feature","id":"way/308159932","properties":{"osm_id":308159932,"name":"千灯浦","name_en":null,"waterway":"canal","source_url":"https://www.openstreetmap.org/way/308159932"},"geometry":{"type":"LineString","coordinates":[[120.9859541,31.1961],[120.9884418,31.1997332],[120.9889203,31.2024166],[120.9903301,31.2065974],[120.9909725,31.2078923],[120.9905082,31.2128042],[120.9907633,31.2158787],[120.9907228,31.2206583],[120.9926904,31.2297192],[120.9940702,31.2339429],[120.9943212,31.2361042],[120.9947343,31.2376384],[120.9946222,31.2390501],[120.9951386,31.2408437],[120.9952208,31.2426961],[120.9958488,31.2453597],[120.9956632,31.2461443],[120.9950036,31.2472664],[120.9950079,31.2476255],[120.9960378,31.2487995],[120.9961301,31.2499773],[120.9952654,31.2511843],[120.9961301,31.2537561],[120.9953576,31.2552603],[120.9952718,31.2566177],[120.9961237,31.2580448],[120.9962565,31.2590834],[120.9969627,31.2600279],[120.9968103,31.2620801],[120.9978151,31.2633898],[120.9984386,31.2636591],[120.9988021,31.2640941],[120.9987614,31.2645282],[120.9979467,31.2656054],[120.9978274,31.2662446],[120.9981157,31.2691391],[120.9990213,31.2715326],[120.9990339,31.2722007],[120.9984986,31.2732049],[120.9972104,31.2747551],[120.9968597,31.2756193],[120.9971762,31.276708],[120.9981473,31.2784632],[120.9984386,31.2805821],[120.99813,31.2818741],[120.9968705,31.2844829],[120.9967602,31.288495]]}},{"type":"Feature","id":"way/342318592","properties":{"osm_id":342318592,"name":"道褐浦","name_en":null,"waterway":"canal","source_url":"https://www.openstreetmap.org/way/342318592"},"geometry":{"type":"LineString","coordinates":[[121.0338825,31.2753965],[121.0387829,31.2757817],[121.0391611,31.275706],[121.0399523,31.2749839],[121.0408616,31.2748257],[121.0412666,31.2744497],[121.0413712,31.2739064],[121.0406685,31.2721962],[121.0406953,31.2717286],[121.0414222,31.271066],[121.0416099,31.2706396],[121.0408365,31.2671698],[121.0393755,31.2648548],[121.039353,31.2632986],[121.0390159,31.2623092],[121.0393643,31.2609643],[121.0384203,31.2590238],[121.0383191,31.2573138],[121.038735,31.2534806],[121.0385102,31.2518474],[121.0389485,31.2509251],[121.0386113,31.2506272],[121.0369046,31.2504707],[121.0353489,31.250632],[121.0350717,31.2502798],[121.0347906,31.249256],[121.0351063,31.248591],[121.035064,31.248163],[121.0343863,31.2472512],[121.0336354,31.2468956],[121.0317871,31.2467475],[121.0315522,31.2464347],[121.031315,31.231887],[121.0315655,31.2310209],[121.0312714,31.2300431],[121.0310209,31.2278638],[121.0311299,31.2235424],[121.0304927,31.2221454],[121.0303675,31.2211768],[121.0308249,31.2177492],[121.0304437,31.2170553],[121.0288046,31.2156489],[121.0285813,31.2150667],[121.0288645,31.2133715],[121.029213,31.2125006],[121.0302422,31.2111127],[121.0319794,31.2073261],[121.0325566,31.2065809],[121.0324477,31.2043406],[121.0330031,31.2027849],[121.0320412,31.2006564]]}},{"type":"Feature","id":"way/409278275","properties":{"osm_id":409278275,"name":"大石浦","name_en":null,"waterway":"canal","source_url":"https://www.openstreetmap.org/way/409278275"},"geometry":{"type":"LineString","coordinates":[[121.0515136,31.2712826],[121.0513973,31.2708527],[121.0516747,31.2700942],[121.0516314,31.2692922],[121.0519561,31.2685334],[121.0516747,31.2677129],[121.0517901,31.2669726],[121.0524108,31.2654738],[121.0530157,31.2653072],[121.0534574,31.2649309],[121.0534254,31.2643947],[121.0525047,31.2640055],[121.0527862,31.2633762],[121.0525768,31.2625495],[121.0530171,31.2620004],[121.0540462,31.2619613],[121.0547493,31.2610256],[121.0546916,31.2599768],[121.0538182,31.2581875],[121.0537749,31.2566081],[121.0532625,31.2559664],[121.0534069,31.2549237],[121.0527573,31.2538933],[121.0535079,31.2509389],[121.0535223,31.250254],[121.053147,31.2495784],[121.0530749,31.2486713],[121.0523531,31.2482456],[121.0523675,31.2479185],[121.0527356,31.2475792],[121.0527573,31.2469744],[121.0520067,31.2464253],[121.0519994,31.2458823],[121.0521221,31.2455244],[121.0529449,31.2450677],[121.0532842,31.2442039],[121.0532697,31.2428648],[121.0524108,31.2422477],[121.0524614,31.2409642],[121.0532697,31.240452],[121.053977,31.2360273],[121.0534862,31.2356386],[121.0537028,31.234898],[121.0534385,31.233694],[121.0527224,31.2332685],[121.0526738,31.2330402],[121.0529773,31.2323448],[121.0535654,31.2319233],[121.0538121,31.23146],[121.0538604,31.2303086],[121.0535868,31.2298591],[121.0529109,31.2295197],[121.0528224,31.2290197],[121.053324,31.2283637],[121.0545149,31.2280128],[121.0544091,31.2274499],[121.0548222,31.2266792],[121.0544735,31.2260554],[121.0536796,31.2259269],[121.0533792,31.2255232],[121.053583,31.2241379],[121.0537815,31.2238397],[121.054495,31.2235736],[121.0546827,31.2232433],[121.0543448,31.2222892],[121.05479,31.2194357],[121.0548329,31.2163757],[121.0547793,31.2156784],[121.0544789,31.2151875],[121.0540017,31.2133556],[121.0544738,31.2123509],[121.0544148,31.2110341],[121.0550424,31.2097219],[121.0548975,31.2083455],[121.0556808,31.2073361],[121.0553696,31.2060468],[121.0556217,31.2052668],[121.0561904,31.2044226],[121.0562762,31.2030002],[121.0565981,31.201876],[121.056405,31.2010685],[121.0570581,31.1992422]]}},{"type":"Feature","id":"way/360456225","properties":{"osm_id":360456225,"name":"诸天浦","name_en":null,"waterway":"canal","source_url":"https://www.openstreetmap.org/way/360456225"},"geometry":{"type":"LineString","coordinates":[[120.9517034,31.2485884],[120.953317,31.2524774],[120.9536604,31.2552069],[120.9546989,31.2569046],[120.9555229,31.2606759],[120.955583,31.2618057],[120.9537991,31.2693624],[120.9526611,31.2717571],[120.9524198,31.2732897],[120.9525577,31.2757064],[120.9530577,31.2768779],[120.9542732,31.2834645],[120.9547818,31.2843265],[120.954868,31.2849896],[120.9529974,31.288732],[120.9522991,31.3000028],[120.9497473,31.3127967],[120.9507129,31.3223561],[120.9525343,31.3269322]]}},{"type":"Feature","id":"way/80407972","properties":{"osm_id":80407972,"name":"朱泖河","name_en":null,"waterway":"canal","source_url":"https://www.openstreetmap.org/way/80407972"},"geometry":{"type":"LineString","coordinates":[[121.0592052,31.1157918],[121.0594048,31.1147438],[121.0593211,31.1137853],[121.0566056,31.1043358],[121.0566751,31.0939489],[121.0599906,31.0778957],[121.0599594,31.0771964],[121.0608295,31.0742651],[121.0610549,31.0718915],[121.0608821,31.0692182],[121.0627715,31.0602964],[121.0635407,31.0586412],[121.0638421,31.0558935],[121.064428,31.0531771],[121.06462,31.0524143],[121.0651275,31.0521348],[121.0675158,31.0495052],[121.0676821,31.0485869],[121.0674417,31.0476475],[121.0657605,31.0460812],[121.0655696,31.0452353]]}},{"type":"Feature","id":"way/409046419","properties":{"osm_id":409046419,"name":"东方河","name_en":null,"waterway":"canal","source_url":"https://www.openstreetmap.org/way/409046419"},"geometry":{"type":"LineString","coordinates":[[121.099281,31.4155317],[121.0987371,31.4152009],[121.0961836,31.4154069],[121.0938072,31.4166933],[121.0915702,31.4167757],[121.0911089,31.4165056],[121.0903525,31.4148942],[121.0900736,31.4125868],[121.0892421,31.4113644],[121.0889148,31.4103755],[121.0878098,31.4090615],[121.0867691,31.4073904],[121.0860556,31.4053118],[121.0847199,31.4039565],[121.0840815,31.4029355],[121.0834753,31.400115],[121.0839206,31.398952],[121.0839259,31.3978576],[121.0829228,31.3970105],[121.082794,31.3954399],[121.0831105,31.3942585],[121.0844355,31.3936358],[121.0869622,31.3900915],[121.0879761,31.3895282],[121.0883838,31.3888184],[121.0895425,31.3880079],[121.0902077,31.3878018],[121.0913664,31.3877926],[121.0922247,31.3874034],[121.0939574,31.3848068],[121.0954809,31.3813813],[121.0963714,31.37818],[121.0974872,31.3753633],[121.0977071,31.3725924],[121.0981524,31.371397],[121.0994613,31.3637332]]}},{"type":"Feature","id":"way/361747499","properties":{"osm_id":361747499,"name":"泗安泾","name_en":null,"waterway":"canal","source_url":"https://www.openstreetmap.org/way/361747499"},"geometry":{"type":"LineString","coordinates":[[120.980029,31.2063805],[120.9759144,31.2078517],[120.972257,31.2094675],[120.9690316,31.2104576],[120.9674534,31.2107138],[120.9659328,31.2113394],[120.9649134,31.2121226],[120.9631624,31.2127876],[120.9601451,31.2133528],[120.9593955,31.2139157],[120.9588426,31.21496],[120.957875,31.2154772],[120.9557323,31.217152],[120.9538489,31.2177234],[120.9508193,31.2202256],[120.9499323,31.2211122],[120.9461424,31.226146],[120.9434296,31.226504],[120.9407026,31.226211],[120.9392488,31.2263073],[120.9264868,31.2289128],[120.9207362,31.2280092],[120.9181426,31.2287607]]}},{"type":"Feature","id":"way/425144704","properties":{"osm_id":425144704,"name":"陶仁港","name_en":null,"waterway":"canal","source_url":"https://www.openstreetmap.org/way/425144704"},"geometry":{"type":"LineString","coordinates":[[121.0041072,31.3250774],[121.003897,31.3037137],[120.9980367,31.3032355],[120.9980601,31.3029025],[120.999367,31.3012602],[120.9999589,31.2996128],[121.0001523,31.2982457],[120.9999471,31.2972342],[120.9994842,31.2963429],[120.9971987,31.2936488],[120.9970991,31.2903737],[120.9974565,31.289938],[120.9979488,31.2898078],[121.0020393,31.289934],[121.0030585,31.2901311],[121.0074359,31.2921161],[121.0075056,31.2936105],[121.0076934,31.293858],[121.0093188,31.294431],[121.0112137,31.2945456]]}},{"type":"Feature","id":"way/301702762","properties":{"osm_id":301702762,"name":"高速新开河","name_en":null,"waterway":"canal","source_url":"https://www.openstreetmap.org/way/301702762"},"geometry":{"type":"LineString","coordinates":[[121.0362482,31.3335708],[121.0375313,31.3331627],[121.0381923,31.3332581],[121.0445795,31.3319821],[121.0519071,31.330157],[121.0576852,31.328118],[121.0625178,31.3261053],[121.0689497,31.3240295],[121.0740673,31.3229113],[121.0743409,31.3225814],[121.0781282,31.3216053],[121.0795391,31.3207804],[121.0814528,31.3205284],[121.0891132,31.3161243],[121.0939318,31.312435]]}},{"type":"Feature","id":"way/405658943","properties":{"osm_id":405658943,"name":"鸡鸣塘","name_en":null,"waterway":"canal","source_url":"https://www.openstreetmap.org/way/405658943"},"geometry":{"type":"LineString","coordinates":[[121.0719099,31.2982188],[121.0721509,31.299407],[121.0755378,31.2989247],[121.07582,31.2993482],[121.081898,31.3026036],[121.0845648,31.3050703],[121.0855659,31.3056752],[121.0939318,31.312435],[121.0970431,31.3102763],[121.0986833,31.3143862],[121.1174306,31.3149751]]}},{"type":"Feature","id":"way/835027582","properties":{"osm_id":835027582,"name":"汉浦塘","name_en":null,"waterway":"canal","source_url":"https://www.openstreetmap.org/way/835027582"},"geometry":{"type":"LineString","coordinates":[[120.969241,31.4184696],[120.969752,31.4203927],[120.9695686,31.4218461],[120.9707739,31.4228971],[120.9720579,31.4260163],[120.9734073,31.4282298],[120.9741017,31.4298732],[120.9752677,31.4309688],[120.9764207,31.4329922],[120.9785955,31.4353844],[120.9809145,31.4400905],[120.9811372,31.4414431],[120.9823557,31.4448746],[120.9832335,31.4481384],[120.98588,31.4548444],[120.9868823,31.4565879],[120.9873932,31.4595663],[120.9882628,31.4612487],[120.9899855,31.4630996]]}},{"type":"Feature","id":"way/360456232","properties":{"osm_id":360456232,"name":"新塘江","name_en":null,"waterway":"canal","source_url":"https://www.openstreetmap.org/way/360456232"},"geometry":{"type":"LineString","coordinates":[[120.9669562,31.2771255],[120.9667495,31.282324],[120.9670767,31.2848546],[120.9669426,31.2857027],[120.967184,31.2882791],[120.9679189,31.2911465],[120.9680933,31.2930741],[120.9685546,31.2934408],[120.9685492,31.2949994],[120.9689784,31.2972822],[120.9701371,31.3007933],[120.9731814,31.3085989],[120.9733595,31.3104104],[120.9740319,31.3108891],[120.9742991,31.3125095],[120.9747905,31.3127673],[120.9744112,31.3137394],[120.9746267,31.3144244],[120.9751267,31.3149399],[120.9752905,31.3156322],[120.9750836,31.3164939],[120.9764716,31.3174366],[120.9766009,31.3185707],[120.9778595,31.3193366],[120.9795676,31.3209806]]}},{"type":"Feature","id":"way/80396849","properties":{"osm_id":80396849,"name":"郭石塘","name_en":null,"waterway":"canal","source_url":"https://www.openstreetmap.org/way/80396849"},"geometry":{"type":"LineString","coordinates":[[121.0393259,31.3578818],[121.0400272,31.3576783],[121.0408269,31.3577515],[121.0415943,31.3580021],[121.0427548,31.3588086],[121.0438863,31.3590705],[121.0444528,31.3594128],[121.0459244,31.3594369],[121.0475091,31.3606694],[121.0493486,31.3608144],[121.0510748,31.3614668],[121.0527304,31.3624242],[121.0557825,31.3629596],[121.0568838,31.3636197],[121.0586004,31.3637708],[121.0597634,31.3641375],[121.0616045,31.3642884],[121.0624199,31.3645495],[121.0634445,31.3643067],[121.0649012,31.3644195],[121.0684532,31.3635239],[121.0701604,31.3632954],[121.072481,31.3634056],[121.0732615,31.3631825],[121.0751858,31.3634483],[121.079742,31.3627475],[121.0848076,31.3628925],[121.0918541,31.3639074]]}},{"type":"Feature","id":"way/339139437","properties":{"osm_id":339139437,"name":"朱昆河","name_en":"Zhu Kun Canal","waterway":"canal","source_url":"https://www.openstreetmap.org/way/339139437"},"geometry":{"type":"LineString","coordinates":[[121.0435232,31.1107286],[121.0431898,31.1113222],[121.0429174,31.1144433],[121.0406923,31.1520323],[121.0402132,31.1528524]]}},{"type":"Feature","id":"way/185779638","properties":{"osm_id":185779638,"name":"长牵路港","name_en":null,"waterway":"canal","source_url":"https://www.openstreetmap.org/way/185779638"},"geometry":{"type":"LineString","coordinates":[[120.8481931,31.163808],[120.8483862,31.1628532],[120.8499312,31.1595114],[120.850017,31.157161],[120.8426522,31.1266437],[120.8423561,31.1255168],[120.8412989,31.1233943]]}},{"type":"Feature","id":"way/80396852","properties":{"osm_id":80396852,"name":"蓬溪","name_en":null,"waterway":"canal","source_url":"https://www.openstreetmap.org/way/80396852"},"geometry":{"type":"LineString","coordinates":[[121.0421888,31.3840202],[121.061837,31.3828552],[121.0662227,31.3822604],[121.0689806,31.3826384],[121.0700303,31.3825971],[121.0830157,31.3806769],[121.0860278,31.3807699],[121.0881349,31.3804634],[121.0899698,31.3805012]]}},{"type":"Feature","id":"way/414529583","properties":{"osm_id":414529583,"name":"顾塘港","name_en":null,"waterway":"canal","source_url":"https://www.openstreetmap.org/way/414529583"},"geometry":{"type":"LineString","coordinates":[[121.0570581,31.1992422],[121.0582914,31.1997894],[121.0588922,31.1998353],[121.0617085,31.1992136],[121.0642233,31.198292],[121.0644647,31.1984572],[121.0638371,31.2016875],[121.0633275,31.2026878],[121.0627535,31.2048948],[121.0611334,31.2135021],[121.0599211,31.2182137],[121.0587516,31.2238563],[121.0588482,31.2248288],[121.0584282,31.2252329],[121.0585865,31.2257444],[121.0581332,31.2263247],[121.0580795,31.2275472],[121.0572614,31.2315678]]}},{"type":"Feature","id":"way/360461028","properties":{"osm_id":360461028,"name":"垌丘港","name_en":null,"waterway":"canal","source_url":"https://www.openstreetmap.org/way/360461028"},"geometry":{"type":"LineString","coordinates":[[120.9588824,31.3222066],[120.9578422,31.3210978],[120.9577815,31.3184309],[120.9573049,31.3167988],[120.9564564,31.316534],[120.9561141,31.3162058],[120.9568993,31.313191],[120.9565002,31.3110824],[120.9571304,31.3090993],[120.9576765,31.3087673],[120.9578865,31.3082379],[120.9575085,31.3068291],[120.9579706,31.3051751],[120.9580146,31.303229],[120.9583998,31.3025213],[120.9586143,31.3010958],[120.9582764,31.3001378],[120.9585178,31.2980522],[120.9584641,31.2908554],[120.958153,31.2904245],[120.9565759,31.2898057],[120.9566724,31.2886871],[120.9559697,31.287211],[120.9555888,31.2856111]]}},{"type":"Feature","id":"way/342318588","properties":{"osm_id":342318588,"name":"单巷港","name_en":null,"waterway":"canal","source_url":"https://www.openstreetmap.org/way/342318588"},"geometry":{"type":"LineString","coordinates":[[120.998052,31.2737676],[120.9990228,31.2742392],[120.9998643,31.2738348],[121.0035129,31.2737154],[121.0043353,31.2740384],[121.0051832,31.2741198],[121.0054912,31.2739841],[121.005688,31.2734901],[121.0066597,31.273368],[121.0081554,31.2723692],[121.0118055,31.2714084],[121.0201363,31.2716938],[121.0212432,31.2712999],[121.0410895,31.2680149]]}},{"type":"Feature","id":"way/342230535","properties":{"osm_id":342230535,"name":"石杨河","name_en":null,"waterway":"canal","source_url":"https://www.openstreetmap.org/way/342230535"},"geometry":{"type":"LineString","coordinates":[[121.0296449,31.1906077],[120.9870632,31.1978657]]}},{"type":"Feature","id":"way/1092782812","properties":{"osm_id":1092782812,"name":"横贯泾","name_en":null,"waterway":"canal","source_url":"https://www.openstreetmap.org/way/1092782812"},"geometry":{"type":"LineString","coordinates":[[120.9524086,31.3026688],[120.9580146,31.303229],[120.9672733,31.3036636],[120.971144,31.3032806],[120.9720361,31.3026909],[120.9753513,31.3020584],[120.9770545,31.3014694],[120.9803054,31.3007979],[120.9834892,31.3003326],[120.9924853,31.2980614]]}},{"type":"Feature","id":"way/1053829902","properties":{"osm_id":1053829902,"name":"西分圩河","name_en":null,"waterway":"canal","source_url":"https://www.openstreetmap.org/way/1053829902"},"geometry":{"type":"LineString","coordinates":[[120.9876711,31.186023],[120.9886303,31.186247],[120.9897427,31.186233],[120.9937773,31.1852681],[121.0273988,31.1784126]]}},{"type":"Feature","id":"way/342230541","properties":{"osm_id":342230541,"name":"东分圩河","name_en":null,"waterway":"canal","source_url":"https://www.openstreetmap.org/way/342230541"},"geometry":{"type":"LineString","coordinates":[[121.0679895,31.1795929],[121.0638012,31.1793359],[121.0315522,31.1785307],[121.0278379,31.1791964]]}},{"type":"Feature","id":"way/425144705","properties":{"osm_id":425144705,"name":"新成河","name_en":null,"waterway":"canal","source_url":"https://www.openstreetmap.org/way/425144705"},"geometry":{"type":"LineString","coordinates":[[121.0112205,31.292022],[121.011192,31.3249117]]}},{"type":"Feature","id":"way/361571644","properties":{"osm_id":361571644,"name":"车塘","name_en":null,"waterway":"canal","source_url":"https://www.openstreetmap.org/way/361571644"},"geometry":{"type":"LineString","coordinates":[[121.0158305,31.3247575],[120.992878,31.3254121],[120.9853971,31.3277378],[120.9813071,31.3297901],[120.979781,31.3303396]]}},{"type":"Feature","id":"way/409220741","properties":{"osm_id":409220741,"name":"友谊河","name_en":null,"waterway":"canal","source_url":"https://www.openstreetmap.org/way/409220741"},"geometry":{"type":"LineString","coordinates":[[120.9901051,31.3123228],[120.9906645,31.3124859],[121.0239918,31.3097916],[121.0250357,31.309432]]}},{"type":"Feature","id":"way/424932980","properties":{"osm_id":424932980,"name":"汶浦港","name_en":null,"waterway":"canal","source_url":"https://www.openstreetmap.org/way/424932980"},"geometry":{"type":"LineString","coordinates":[[121.0080538,31.2724479],[121.0083681,31.2731536],[121.0092763,31.2738429],[121.0106735,31.2757428],[121.0113308,31.2760386],[121.013554,31.2763637],[121.0153763,31.276113],[121.0169731,31.276685],[121.0189233,31.2767814],[121.019956,31.2770921],[121.021064,31.2770707],[121.0215653,31.2773535],[121.0220616,31.278009],[121.0227184,31.2782661],[121.0258016,31.278009],[121.0261976,31.2781975],[121.0271036,31.2795919],[121.0281177,31.2794401],[121.0288697,31.2789988],[121.0296468,31.2791487],[121.0299426,31.2794615],[121.0301682,31.2803013],[121.030865,31.2807512],[121.0335221,31.2807983],[121.0351815,31.2798643],[121.0356428,31.2799328],[121.0361356,31.2802795]]}},{"type":"Feature","id":"way/343877499","properties":{"osm_id":343877499,"name":"白虬江","name_en":null,"waterway":"canal","source_url":"https://www.openstreetmap.org/way/343877499"},"geometry":{"type":"LineString","coordinates":[[121.0962799,31.2773888],[121.0969943,31.277736],[121.0978492,31.2771833],[121.0984587,31.2771388],[121.1007706,31.2779521],[121.1020567,31.2786827],[121.1040564,31.2805633],[121.1062642,31.2835047],[121.108197,31.2850739],[121.1101372,31.2869925],[121.1116059,31.2876873],[121.1124757,31.2876936],[121.1144605,31.2870711],[121.1214111,31.2841424],[121.1226153,31.2838164]]}},{"type":"Feature","id":"way/300416086","properties":{"osm_id":300416086,"name":"小瓦浦","name_en":null,"waterway":"canal","source_url":"https://www.openstreetmap.org/way/300416086"},"geometry":{"type":"LineString","coordinates":[[121.0855659,31.3056752],[121.0906603,31.2951598],[121.0899,31.2942409],[121.090132,31.2923221],[121.0896885,31.2899386],[121.0906434,31.2882241],[121.0918841,31.2844652],[121.0932398,31.2810999],[121.0933753,31.2792926]]}},{"type":"Feature","id":"way/185996315","properties":{"osm_id":185996315,"name":"大东港","name_en":null,"waterway":"canal","source_url":"https://www.openstreetmap.org/way/185996315"},"geometry":{"type":"LineString","coordinates":[[120.8921378,31.2059593],[120.8925569,31.204864],[120.8930397,31.2023037],[120.8926052,31.1937735],[120.8939731,31.1891432],[120.8957809,31.1866789],[120.8960277,31.183907],[120.895164,31.1806347],[120.8954294,31.179345],[120.8958614,31.1788625]]}},{"type":"Feature","id":"way/414417886","properties":{"osm_id":414417886,"name":"管泾河","name_en":null,"waterway":"canal","source_url":"https://www.openstreetmap.org/way/414417886"},"geometry":{"type":"LineString","coordinates":[[120.9335954,31.1936906],[120.9336524,31.19306],[120.9341146,31.1926263],[120.9342525,31.19084],[120.9336419,31.1848333],[120.9338851,31.1811286],[120.93359,31.1800685],[120.9340943,31.1779619],[120.9339923,31.1763463],[120.934738,31.1740285],[120.9346307,31.1721237],[120.9349633,31.1696727],[120.9347487,31.1679927],[120.9342273,31.16741]]}},{"type":"Feature","id":"way/416499225","properties":{"osm_id":416499225,"name":"鼓盆港","name_en":null,"waterway":"canal","source_url":"https://www.openstreetmap.org/way/416499225"},"geometry":{"type":"LineString","coordinates":[[121.0991138,31.2433474],[121.0993955,31.2426824],[121.0990012,31.2420907],[121.0995376,31.2415105],[121.0993552,31.2409877],[121.0995698,31.2403846],[121.099366,31.2397608],[121.0996878,31.2389971],[121.0996878,31.2369812],[121.100168,31.2354813],[121.0998434,31.2348575],[121.1002913,31.2343851],[121.099897,31.2339034],[121.1003825,31.233509],[121.0999963,31.2330159],[121.100522,31.2325732],[121.1003638,31.2320664],[121.1007527,31.2300756],[121.1006642,31.2289059],[121.1010692,31.225454],[121.102067,31.2234172],[121.1016673,31.2210157],[121.1017397,31.2207015],[121.1021179,31.2203849],[121.1021849,31.2197771]]}},{"type":"Feature","id":"way/658719222","properties":{"osm_id":658719222,"name":"团结河","name_en":null,"waterway":"canal","source_url":"https://www.openstreetmap.org/way/658719222"},"geometry":{"type":"LineString","coordinates":[[120.968267,31.264495],[120.9980809,31.2637051]]}},{"type":"Feature","id":"way/360456216","properties":{"osm_id":360456216,"name":"张浦","name_en":null,"waterway":"canal","source_url":"https://www.openstreetmap.org/way/360456216"},"geometry":{"type":"LineString","coordinates":[[120.9424801,31.319727],[120.9410318,31.3183793],[120.9399197,31.3177385],[120.9388854,31.3165176],[120.9380281,31.315978],[120.9375982,31.315268],[120.9399115,31.3146276],[120.9430663,31.3099538],[120.9433939,31.3097917],[120.9443249,31.3079283],[120.9428594,31.3074053],[120.9434189,31.2996276]]}},{"type":"Feature","id":"way/1053805022","properties":{"osm_id":1053805022,"name":"东加泾港","name_en":null,"waterway":"canal","source_url":"https://www.openstreetmap.org/way/1053805022"},"geometry":{"type":"LineString","coordinates":[[120.9403079,31.200345],[120.9405142,31.1984034],[120.9394703,31.1953716],[120.9389276,31.1919462],[120.9397259,31.1889854],[120.9395358,31.1868924],[120.9403234,31.1846545],[120.9408119,31.1818077],[120.9408628,31.1793439],[120.9406185,31.1780292],[120.9411737,31.1760278]]}},{"type":"Feature","id":"way/359778072","properties":{"osm_id":359778072,"name":"小澞河","name_en":null,"waterway":"canal","source_url":"https://www.openstreetmap.org/way/359778072"},"geometry":{"type":"LineString","coordinates":[[120.9417738,31.3713048],[120.941796,31.3723814],[120.942361,31.3747165],[120.9434989,31.3778577],[120.9438001,31.3782158],[120.9445686,31.3808917],[120.9446892,31.3819787],[120.9444857,31.3847703],[120.9439056,31.3871758],[120.9409973,31.3927006],[120.9423403,31.3947442]]}},{"type":"Feature","id":"way/361361950","properties":{"osm_id":361361950,"name":"白塔中心河","name_en":null,"waterway":"canal","source_url":"https://www.openstreetmap.org/way/361361950"},"geometry":{"type":"LineString","coordinates":[[120.981763,31.3933034],[120.9815388,31.3942765],[120.981583,31.3997885],[120.9810917,31.4176928]]}},{"type":"Feature","id":"way/887512347","properties":{"osm_id":887512347,"name":"马塘河","name_en":null,"waterway":"canal","source_url":"https://www.openstreetmap.org/way/887512347"},"geometry":{"type":"LineString","coordinates":[[121.0663533,31.3408425],[121.0659688,31.3501483],[121.0643589,31.357696],[121.0649036,31.3589388],[121.064489,31.3617855],[121.0640661,31.362216],[121.0641349,31.3643948]]}},{"type":"Feature","id":"way/185996330","properties":{"osm_id":185996330,"name":"邵塔港","name_en":null,"waterway":"canal","source_url":"https://www.openstreetmap.org/way/185996330"},"geometry":{"type":"LineString","coordinates":[[120.870691,31.1863225],[120.8718355,31.1866043],[120.8729127,31.1842059],[120.8739426,31.1834716],[120.8762386,31.1826088],[120.8792641,31.1806262],[120.882397,31.1788638],[120.8850363,31.1784232],[120.8895848,31.1758522],[120.8916394,31.1752096],[120.8928493,31.1745528]]}},{"type":"Feature","id":"way/1053805021","properties":{"osm_id":1053805021,"name":"小加泾港","name_en":null,"waterway":"canal","source_url":"https://www.openstreetmap.org/way/1053805021"},"geometry":{"type":"LineString","coordinates":[[120.9368743,31.1883919],[120.9373987,31.1784953],[120.9378768,31.1773472],[120.9379385,31.1751962],[120.9377843,31.1744176],[120.9374912,31.1740349],[120.9368832,31.1669297]]}},{"type":"Feature","id":"way/1092782806","properties":{"osm_id":1092782806,"name":"北湾中心河","name_en":null,"waterway":"canal","source_url":"https://www.openstreetmap.org/way/1092782806"},"geometry":{"type":"LineString","coordinates":[[120.9717679,31.2844512],[120.9731895,31.2849692],[120.976443,31.2846438],[120.9968978,31.2843911]]}},{"type":"Feature","id":"way/339287850","properties":{"osm_id":339287850,"name":"沿家港","name_en":null,"waterway":"canal","source_url":"https://www.openstreetmap.org/way/339287850"},"geometry":{"type":"LineString","coordinates":[[121.0597368,31.1161536],[121.0594371,31.1167514],[121.0592592,31.1192385],[121.0594456,31.1204383],[121.0593157,31.1256079],[121.0595057,31.1260959],[121.0596094,31.1279344],[121.0591718,31.1341103],[121.0592006,31.1363085],[121.0588682,31.1373708]]}},{"type":"Feature","id":"way/416350074","properties":{"osm_id":416350074,"name":"罗浦","name_en":null,"waterway":"canal","source_url":"https://www.openstreetmap.org/way/416350074"},"geometry":{"type":"LineString","coordinates":[[121.0893157,31.212829],[121.0882221,31.2186657],[121.0911135,31.218941],[121.0908909,31.219386],[121.0908292,31.2212095],[121.0903625,31.2214343],[121.0903598,31.2222991],[121.0905341,31.2226592],[121.0899762,31.223829],[121.0900808,31.2245331],[121.089657,31.2251318],[121.0896785,31.226008],[121.0893352,31.2267717],[121.0894452,31.2272878],[121.0890723,31.2278841],[121.0894103,31.2287259],[121.088788,31.2294988],[121.0887853,31.2302671],[121.0885843,31.2306103]]}},{"type":"Feature","id":"way/1504527074","properties":{"osm_id":1504527074,"name":"高鼎河","name_en":null,"waterway":"canal","source_url":"https://www.openstreetmap.org/way/1504527074"},"geometry":{"type":"LineString","coordinates":[[121.0596229,31.3429732],[121.0597905,31.3432283],[121.0597809,31.3508342],[121.0587214,31.3585291],[121.0572409,31.3636684]]}},{"type":"Feature","id":"way/1053805023","properties":{"osm_id":1053805023,"name":"浪浦港","name_en":null,"waterway":"canal","source_url":"https://www.openstreetmap.org/way/1053805023"},"geometry":{"type":"LineString","coordinates":[[120.950737,31.1866258],[120.9511091,31.1842913],[120.9512083,31.181385],[120.9508033,31.178224],[120.9491487,31.1776731],[120.9445898,31.177229],[120.9434094,31.1766631],[120.9394001,31.1755748],[120.9379199,31.1758438]]}},{"type":"Feature","id":"way/858935611","properties":{"osm_id":858935611,"name":"昆北塘","name_en":null,"waterway":"canal","source_url":"https://www.openstreetmap.org/way/858935611"},"geometry":{"type":"LineString","coordinates":[[120.9500281,31.4281],[120.9523272,31.4277797],[120.957005,31.4266078],[120.9593546,31.4258068],[120.9606367,31.4258388],[120.9629488,31.4252781],[120.9660011,31.4254543],[120.9715843,31.4248576]]}},{"type":"Feature","id":"way/360456217","properties":{"osm_id":360456217,"name":"泾浦港","name_en":null,"waterway":"canal","source_url":"https://www.openstreetmap.org/way/360456217"},"geometry":{"type":"LineString","coordinates":[[120.9504658,31.3203822],[120.9473924,31.320845],[120.9442904,31.3207506],[120.9424801,31.319727],[120.9417904,31.3211704],[120.939868,31.3237553],[120.9394283,31.3247347],[120.9374434,31.3277709],[120.9369079,31.3284587],[120.9355763,31.3290432]]}},{"type":"Feature","id":"way/359590991","properties":{"osm_id":359590991,"name":"白墅浦","name_en":null,"waterway":"canal","source_url":"https://www.openstreetmap.org/way/359590991"},"geometry":{"type":"LineString","coordinates":[[121.0032819,31.3810233],[120.9819953,31.3799863]]}},{"type":"Feature","id":"way/1052187980","properties":{"osm_id":1052187980,"name":"官塘","name_en":null,"waterway":"canal","source_url":"https://www.openstreetmap.org/way/1052187980"},"geometry":{"type":"LineString","coordinates":[[121.067914,31.1080666],[121.0689511,31.1091636],[121.0709018,31.1104161],[121.0716953,31.1121853],[121.0727533,31.1127585],[121.0743981,31.1132256],[121.0762992,31.1131831],[121.0846955,31.1158212]]}},{"type":"Feature","id":"way/263923493","properties":{"osm_id":263923493,"name":"司徒街河","name_en":null,"waterway":"canal","source_url":"https://www.openstreetmap.org/way/263923493"},"geometry":{"type":"LineString","coordinates":[[120.958153,31.3792508],[120.9589087,31.3759944],[120.9591248,31.3722598],[120.9595208,31.3715338],[120.9597502,31.3682231],[120.9601683,31.3674318],[120.9601759,31.3663156],[120.9605187,31.365103],[120.9597844,31.3648043],[120.9578176,31.3659972]]}},{"type":"Feature","id":"way/416501895","properties":{"osm_id":416501895,"name":"官田泾","name_en":null,"waterway":"canal","source_url":"https://www.openstreetmap.org/way/416501895"},"geometry":{"type":"LineString","coordinates":[[121.082947,31.2382526],[121.0840011,31.238726],[121.0847282,31.2384152],[121.0850609,31.2384204],[121.0855662,31.2388893],[121.0861948,31.2386523],[121.0865398,31.2393003],[121.0867987,31.2393899],[121.0878216,31.2390158],[121.0907547,31.2396217],[121.0914202,31.2396006],[121.09179,31.2398957],[121.092628,31.2398008],[121.0928375,31.2402961],[121.0945506,31.2401696],[121.0976446,31.2421337],[121.0991138,31.2433474]]}},{"type":"Feature","id":"way/359380705","properties":{"osm_id":359380705,"name":"南金鸡河","name_en":null,"waterway":"canal","source_url":"https://www.openstreetmap.org/way/359380705"},"geometry":{"type":"LineString","coordinates":[[121.0032819,31.3810233],[121.0024514,31.3971946]]}},{"type":"Feature","id":"way/608472448","properties":{"osm_id":608472448,"name":"云亭港","name_en":null,"waterway":"canal","source_url":"https://www.openstreetmap.org/way/608472448"},"geometry":{"type":"LineString","coordinates":[[120.8537678,31.1388206],[120.8519009,31.1340783],[120.8497197,31.1304261],[120.8475768,31.1275435],[120.8456061,31.1243169]]}},{"type":"Feature","id":"way/414739538","properties":{"osm_id":414739538,"name":"沈家泾","name_en":null,"waterway":"canal","source_url":"https://www.openstreetmap.org/way/414739538"},"geometry":{"type":"LineString","coordinates":[[121.0713927,31.2116948],[121.0715482,31.2131492],[121.0711513,31.214865],[121.0709957,31.217714],[121.0703144,31.2208978],[121.0696009,31.223086],[121.070132,31.224031],[121.0702286,31.224609],[121.0700945,31.2252971],[121.0696546,31.2257788],[121.0694675,31.2271187]]}},{"type":"Feature","id":"way/405658944","properties":{"osm_id":405658944,"name":"顺扬新开河","name_en":null,"waterway":"canal","source_url":"https://www.openstreetmap.org/way/405658944"},"geometry":{"type":"LineString","coordinates":[[121.0951295,31.3302931],[121.0884574,31.3165345]]}},{"type":"Feature","id":"way/414739534","properties":{"osm_id":414739534,"name":"南兴港","name_en":null,"waterway":"canal","source_url":"https://www.openstreetmap.org/way/414739534"},"geometry":{"type":"LineString","coordinates":[[121.0625092,31.2255276],[121.0626701,31.2240368],[121.0624985,31.2234312],[121.0627828,31.2225436],[121.0627747,31.2216995],[121.0630483,31.2213921],[121.0632441,31.219775],[121.0631368,31.2174881],[121.064921,31.2117055]]}},{"type":"Feature","id":"way/1092782807","properties":{"osm_id":1092782807,"name":"西贤江","name_en":null,"waterway":"canal","source_url":"https://www.openstreetmap.org/way/1092782807"},"geometry":{"type":"LineString","coordinates":[[120.9555888,31.2856111],[120.962348,31.2849876],[120.9628308,31.2851068],[120.9656739,31.2849693],[120.9717679,31.2844512]]}},{"type":"Feature","id":"way/1281949299","properties":{"osm_id":1281949299,"name":"石浦港","name_en":null,"waterway":"canal","source_url":"https://www.openstreetmap.org/way/1281949299"},"geometry":{"type":"LineString","coordinates":[[121.0846955,31.1158212],[121.0802501,31.1240237],[121.0780183,31.1274472]]}},{"type":"Feature","id":"way/1115633685","properties":{"osm_id":1115633685,"name":"白塔港","name_en":null,"waterway":"canal","source_url":"https://www.openstreetmap.org/way/1115633685"},"geometry":{"type":"LineString","coordinates":[[120.91068,31.4417807],[120.910238,31.4290614]]}},{"type":"Feature","id":"way/1052187981","properties":{"osm_id":1052187981,"name":"杜家港","name_en":null,"waterway":"stream","source_url":"https://www.openstreetmap.org/way/1052187981"},"geometry":{"type":"LineString","coordinates":[[121.0771753,31.1134732],[121.0765306,31.1149664],[121.0754148,31.1161057],[121.0747618,31.1171742],[121.0750841,31.1179879],[121.0762578,31.119757],[121.0774977,31.1203513],[121.0790433,31.1215755],[121.0805153,31.123371]]}},{"type":"Feature","id":"way/361747496","properties":{"osm_id":361747496,"name":"胜利河","name_en":null,"waterway":"canal","source_url":"https://www.openstreetmap.org/way/361747496"},"geometry":{"type":"LineString","coordinates":[[120.9406268,31.2348768],[120.9419843,31.2341919],[120.9451692,31.2332273],[120.9513394,31.2330149],[120.9514371,31.2337532],[120.950757,31.2357869]]}},{"type":"Feature","id":"way/414739539","properties":{"osm_id":414739539,"name":"东联河","name_en":null,"waterway":"canal","source_url":"https://www.openstreetmap.org/way/414739539"},"geometry":{"type":"LineString","coordinates":[[121.073745,31.2191568],[121.0598917,31.218476]]}},{"type":"Feature","id":"way/360456215","properties":{"osm_id":360456215,"name":"张浦","name_en":null,"waterway":"canal","source_url":"https://www.openstreetmap.org/way/360456215"},"geometry":{"type":"LineString","coordinates":[[120.9375982,31.315268],[120.93611,31.3162904],[120.9353075,31.3178013],[120.9329197,31.3192188],[120.9322904,31.3207359],[120.9323766,31.3214871],[120.9301971,31.3244394]]}},{"type":"Feature","id":"way/351192394","properties":{"osm_id":351192394,"name":"蜻蜓港","name_en":null,"waterway":"canal","source_url":"https://www.openstreetmap.org/way/351192394"},"geometry":{"type":"LineString","coordinates":[[120.8766211,31.1726727],[120.8753331,31.174892],[120.8752516,31.1756144],[120.8760774,31.177165],[120.8760948,31.1777835],[120.8741677,31.181929],[120.8739813,31.1826759],[120.8744784,31.1832703]]}},{"type":"Feature","id":"way/416332379","properties":{"osm_id":416332379,"name":"南兴港","name_en":null,"waterway":"canal","source_url":"https://www.openstreetmap.org/way/416332379"},"geometry":{"type":"LineString","coordinates":[[121.0627069,31.2362049],[121.0627444,31.2350215],[121.0625432,31.2344275],[121.0627686,31.2332189],[121.062444,31.2313245],[121.0624869,31.2275539],[121.062326,31.2270516],[121.0625092,31.2255276]]}},{"type":"Feature","id":"way/1086844410","properties":{"osm_id":1086844410,"name":"木瓜河","name_en":null,"waterway":"canal","source_url":"https://www.openstreetmap.org/way/1086844410"},"geometry":{"type":"LineString","coordinates":[[121.041002,31.3164024],[121.0426234,31.3140046],[121.0429628,31.3139225],[121.0435455,31.3096984],[121.0442017,31.3087124],[121.0432061,31.3080455],[121.0420546,31.3077711]]}},{"type":"Feature","id":"way/1050439795","properties":{"osm_id":1050439795,"name":"官塘","name_en":null,"waterway":"canal","source_url":"https://www.openstreetmap.org/way/1050439795"},"geometry":{"type":"LineString","coordinates":[[121.1072016,31.1145594],[121.1062531,31.1156684],[121.104271,31.1167537],[121.1028625,31.1167835],[121.1018857,31.1164683],[121.1008664,31.1168259],[121.099748,31.1176318],[121.0983269,31.1180016]]}},{"type":"Feature","id":"way/359380703","properties":{"osm_id":359380703,"name":"桃花江","name_en":null,"waterway":"canal","source_url":"https://www.openstreetmap.org/way/359380703"},"geometry":{"type":"LineString","coordinates":[[120.9927014,31.3874966],[120.9826474,31.3871799]]}},{"type":"Feature","id":"way/359380708","properties":{"osm_id":359380708,"name":"咸子泾","name_en":null,"waterway":"canal","source_url":"https://www.openstreetmap.org/way/359380708"},"geometry":{"type":"LineString","coordinates":[[120.9927893,31.3871265],[120.9925722,31.3880953],[120.9928161,31.3896467],[120.9930708,31.3954772]]}},{"type":"Feature","id":"way/1281949300","properties":{"osm_id":1281949300,"name":"官塘","name_en":null,"waterway":"canal","source_url":"https://www.openstreetmap.org/way/1281949300"},"geometry":{"type":"LineString","coordinates":[[121.0983269,31.1180016],[121.0887363,31.1168592]]}},{"type":"Feature","id":"way/1043635037","properties":{"osm_id":1043635037,"name":"青龙港","name_en":null,"waterway":"canal","source_url":"https://www.openstreetmap.org/way/1043635037"},"geometry":{"type":"LineString","coordinates":[[120.8718299,31.1984595],[120.8715439,31.1976472],[120.8714969,31.1966537],[120.87194,31.1957865],[120.8728665,31.1953156],[120.8732425,31.1949021],[120.8725711,31.1935525],[120.8725007,31.1917807]]}},{"type":"Feature","id":"way/841305149","properties":{"osm_id":841305149,"name":"李箕河","name_en":null,"waterway":"canal","source_url":"https://www.openstreetmap.org/way/841305149"},"geometry":{"type":"LineString","coordinates":[[120.9671421,31.3716477],[120.9667592,31.3717659],[120.9646966,31.371379],[120.96323,31.3708327],[120.9624034,31.3710329],[120.9610203,31.372],[120.9593169,31.3718525]]}},{"type":"Feature","id":"way/755492005","properties":{"osm_id":755492005,"name":"官塘","name_en":null,"waterway":"canal","source_url":"https://www.openstreetmap.org/way/755492005"},"geometry":{"type":"LineString","coordinates":[[121.0608077,31.1168824],[121.0617457,31.1146138],[121.0624786,31.1135108],[121.0627872,31.1125003],[121.0629029,31.1114039],[121.0627305,31.1100886]]}},{"type":"Feature","id":"way/1003053827","properties":{"osm_id":1003053827,"name":"朝南江","name_en":null,"waterway":"stream","source_url":"https://www.openstreetmap.org/way/1003053827"},"geometry":{"type":"LineString","coordinates":[[121.0201666,31.1799229],[121.0205114,31.1814993],[121.0226742,31.1854434],[121.022975,31.1862921]]}},{"type":"Feature","id":"way/1080170612","properties":{"osm_id":1080170612,"name":"张浦","name_en":null,"waterway":"canal","source_url":"https://www.openstreetmap.org/way/1080170612"},"geometry":{"type":"LineString","coordinates":[[120.9498188,31.3124387],[120.9430232,31.3118908],[120.9420835,31.3115446]]}},{"type":"Feature","id":"way/185996326","properties":{"osm_id":185996326,"name":"市河","name_en":null,"waterway":"canal","source_url":"https://www.openstreetmap.org/way/185996326"},"geometry":{"type":"LineString","coordinates":[[120.896195,31.172866],[120.8962941,31.174095],[120.8960479,31.174287],[120.8956895,31.1759761],[120.8958614,31.1788625]]}},{"type":"Feature","id":"way/1093504926","properties":{"osm_id":1093504926,"name":"腾浦江","name_en":null,"waterway":"canal","source_url":"https://www.openstreetmap.org/way/1093504926"},"geometry":{"type":"LineString","coordinates":[[120.9509534,31.3178171],[120.9536059,31.3171662],[120.9571912,31.3166462]]}},{"type":"Feature","id":"way/1178720186","properties":{"osm_id":1178720186,"name":"青龙港","name_en":null,"waterway":"canal","source_url":"https://www.openstreetmap.org/way/1178720186"},"geometry":{"type":"LineString","coordinates":[[120.8725007,31.1917807],[120.8717325,31.1877479],[120.8718355,31.1866043]]}},{"type":"Feature","id":"way/359762255","properties":{"osm_id":359762255,"name":"严家角河","name_en":null,"waterway":"canal","source_url":"https://www.openstreetmap.org/way/359762255"},"geometry":{"type":"LineString","coordinates":[[120.9591609,31.3720477],[120.9571329,31.3719611],[120.9569686,31.3706382],[120.9572525,31.3688439]]}},{"type":"Feature","id":"way/1513608453","properties":{"osm_id":1513608453,"name":"石灰港","name_en":null,"waterway":"canal","source_url":"https://www.openstreetmap.org/way/1513608453"},"geometry":{"type":"LineString","coordinates":[[120.9011451,31.1784545],[120.8976129,31.1785229],[120.8958614,31.1788625]]}},{"type":"Feature","id":"way/1493655127","properties":{"osm_id":1493655127,"name":"泾浦港","name_en":null,"waterway":"canal","source_url":"https://www.openstreetmap.org/way/1493655127"},"geometry":{"type":"LineString","coordinates":[[120.944518,31.3245237],[120.9394283,31.3247347]]}},{"type":"Feature","id":"way/1558189756","properties":{"osm_id":1558189756,"name":"水产港","name_en":null,"waterway":"canal","source_url":"https://www.openstreetmap.org/way/1558189756"},"geometry":{"type":"LineString","coordinates":[[120.9443614,31.1875788],[120.9395734,31.1873059]]}},{"type":"Feature","id":"way/185996325","properties":{"osm_id":185996325,"name":"王家浜","name_en":null,"waterway":"canal","source_url":"https://www.openstreetmap.org/way/185996325"},"geometry":{"type":"LineString","coordinates":[[120.899957,31.1753061],[120.8981252,31.17643],[120.8956895,31.1762763]]}},{"type":"Feature","id":"way/1493655135","properties":{"osm_id":1493655135,"name":"新谊河","name_en":null,"waterway":"canal","source_url":"https://www.openstreetmap.org/way/1493655135"},"geometry":{"type":"LineString","coordinates":[[121.0603229,31.2255567],[121.0621994,31.2256388]]}},{"type":"Feature","id":"way/1093504932","properties":{"osm_id":1093504932,"name":"腾浦江","name_en":null,"waterway":"canal","source_url":"https://www.openstreetmap.org/way/1093504932"},"geometry":{"type":"LineString","coordinates":[[120.9503444,31.3178668],[120.9509534,31.3178171]]}},{"type":"Feature","id":"way/1093504931","properties":{"osm_id":1093504931,"name":"腾浦江","name_en":null,"waterway":"canal","source_url":"https://www.openstreetmap.org/way/1093504931"},"geometry":{"type":"LineString","coordinates":[[120.9502291,31.3178827],[120.9503444,31.3178668]]}},{"type":"Feature","id":"way/234311800","properties":{"osm_id":234311800,"name":"Unnamed waterway","name_en":null,"waterway":"river","source_url":"https://www.openstreetmap.org/way/234311800"},"geometry":{"type":"LineString","coordinates":[[120.8423056,31.366389],[120.84557,31.3539043],[120.8481297,31.3449051],[120.8493975,31.3411561],[120.8498999,31.3373455],[120.8497085,31.335997],[120.8513711,31.3332795],[120.8534642,31.328733],[120.8544331,31.3272516],[120.8545646,31.3256168],[120.8562272,31.322572],[120.8566817,31.3206817],[120.8578539,31.3179229],[120.8591576,31.3134165],[120.8602664,31.3123607]]}},{"type":"Feature","id":"way/359781443","properties":{"osm_id":359781443,"name":"Unnamed waterway","name_en":null,"waterway":"river","source_url":"https://www.openstreetmap.org/way/359781443"},"geometry":{"type":"LineString","coordinates":[[120.9258758,31.3972025],[120.9166764,31.3991576],[120.9113571,31.3999936],[120.9085392,31.4006238],[120.9055255,31.4009968],[120.9014494,31.4011126],[120.9003117,31.4009518],[120.8988199,31.4012605],[120.8977123,31.4015435],[120.8971096,31.4026624],[120.8936815,31.404791],[120.8932445,31.4048232],[120.8919711,31.4044952],[120.8906677,31.4037364],[120.8891307,31.4035113],[120.8877293,31.4033827],[120.885695,31.4038071],[120.884821,31.4037492],[120.881084,31.4020901],[120.8753579,31.4008489],[120.8670969,31.4003403]]}},{"type":"Feature","id":"way/305660199","properties":{"osm_id":305660199,"name":"Unnamed waterway","name_en":null,"waterway":"river","source_url":"https://www.openstreetmap.org/way/305660199"},"geometry":{"type":"LineString","coordinates":[[120.8696857,31.273529],[120.8688462,31.2717618],[120.8685928,31.2706988],[120.8686778,31.2673672],[120.869064,31.2656065],[120.869343,31.2586915],[120.8705875,31.253482],[120.8728621,31.2455205],[120.8736131,31.2414845],[120.8735883,31.2377014],[120.8739316,31.2365272],[120.8736634,31.2359309],[120.8725583,31.2348209],[120.8723974,31.2344264],[120.8724618,31.2332338],[120.8722043,31.2317201],[120.8729231,31.2286927],[120.8733845,31.2282156],[120.8736205,31.2275734],[120.8734488,31.2268532],[120.8738629,31.2252524],[120.8728863,31.225014],[120.871475,31.2250711]]}},{"type":"Feature","id":"way/71919516","properties":{"osm_id":71919516,"name":"Unnamed waterway","name_en":null,"waterway":"river","source_url":"https://www.openstreetmap.org/way/71919516"},"geometry":{"type":"LineString","coordinates":[[120.7419865,31.2324495],[120.7480854,31.22949],[120.7493036,31.2294482],[120.7513372,31.2278223],[120.7522755,31.2267048],[120.7564181,31.2241245],[120.761088,31.2217454],[120.7643808,31.2207675],[120.7699311,31.2201979],[120.7762498,31.2199126],[120.778364,31.2199824],[120.7794346,31.2201654],[120.7804002,31.2206401],[120.7830139,31.2206817],[120.7846843,31.2210474],[120.7861691,31.221055],[120.7874369,31.2221886],[120.7882498,31.2226406],[120.7912332,31.2225722],[120.7936409,31.2235718],[120.7942453,31.2235619],[120.7948575,31.2232008]]}},{"type":"Feature","id":"way/305660208","properties":{"osm_id":305660208,"name":"Unnamed waterway","name_en":null,"waterway":"river","source_url":"https://www.openstreetmap.org/way/305660208"},"geometry":{"type":"LineString","coordinates":[[120.844106,31.2821726],[120.8450472,31.2791499],[120.8461493,31.2764359],[120.847102,31.2746797],[120.8481667,31.2734823],[120.849295,31.2726589],[120.8509127,31.2700496],[120.8513984,31.266505],[120.8520335,31.2641132],[120.8526312,31.2632796],[120.8528741,31.2614752],[120.8525939,31.2592237],[120.8505764,31.2532674],[120.849904,31.2523412],[120.8461185,31.2440812],[120.8453256,31.2409875],[120.8451835,31.2390686],[120.8449452,31.2385824],[120.8451326,31.2378768]]}},{"type":"Feature","id":"way/308159916","properties":{"osm_id":308159916,"name":"Unnamed waterway","name_en":null,"waterway":"river","source_url":"https://www.openstreetmap.org/way/308159916"},"geometry":{"type":"LineString","coordinates":[[120.862084,31.2387498],[120.8639705,31.2387936],[120.8689001,31.2394993],[120.880484,31.2407312],[120.8840245,31.2415018],[120.8843464,31.2407312],[120.8846178,31.2380315],[120.8871327,31.2260974],[120.8876433,31.2244815],[120.888477,31.2224199],[120.8915883,31.2197867],[120.8918383,31.2190224],[120.8917122,31.2172135]]}},{"type":"Feature","id":"way/233918132","properties":{"osm_id":233918132,"name":"Unnamed waterway","name_en":null,"waterway":"river","source_url":"https://www.openstreetmap.org/way/233918132"},"geometry":{"type":"LineString","coordinates":[[120.8312328,31.345786],[120.839524,31.3302965],[120.8414012,31.3286565],[120.8442128,31.3197751],[120.845161,31.3182423],[120.8453636,31.317281],[120.8472035,31.3135633],[120.8474275,31.3128298],[120.8473581,31.3115586],[120.8478114,31.3095812],[120.8499713,31.3079637],[120.8524569,31.3067436]]}},{"type":"Feature","id":"way/335046503","properties":{"osm_id":335046503,"name":"Unnamed waterway","name_en":null,"waterway":"river","source_url":"https://www.openstreetmap.org/way/335046503"},"geometry":{"type":"LineString","coordinates":[[120.9308294,31.3779013],[120.9389811,31.3774738],[120.9468745,31.3780383],[120.9491939,31.3786646],[120.9556649,31.3793127],[120.98197,31.379771]]}},{"type":"Feature","id":"way/233918130","properties":{"osm_id":233918130,"name":"Unnamed waterway","name_en":null,"waterway":"river","source_url":"https://www.openstreetmap.org/way/233918130"},"geometry":{"type":"LineString","coordinates":[[120.8054934,31.3273115],[120.821285,31.3312426],[120.8219029,31.3312629],[120.8231075,31.3317873],[120.8307192,31.3340156],[120.8494759,31.3405153]]}},{"type":"Feature","id":"way/342230522","properties":{"osm_id":342230522,"name":"Unnamed waterway","name_en":null,"waterway":"river","source_url":"https://www.openstreetmap.org/way/342230522"},"geometry":{"type":"LineString","coordinates":[[121.0757351,31.1431249],[121.0770586,31.1437288],[121.0775513,31.1453058],[121.077409,31.1485854],[121.0770645,31.1507899],[121.0765407,31.1508905],[121.0761902,31.1519992],[121.076763,31.1522967],[121.0755788,31.1553677],[121.0747608,31.1562147],[121.0739028,31.1581373],[121.0732417,31.1619158],[121.0732117,31.1646752],[121.0743532,31.1663711],[121.0755439,31.1670292],[121.0766613,31.1681181],[121.077069,31.1683369],[121.0793226,31.1687342],[121.0796366,31.1693782],[121.0794409,31.1697683]]}},{"type":"Feature","id":"way/233918134","properties":{"osm_id":233918134,"name":"Unnamed waterway","name_en":null,"waterway":"river","source_url":"https://www.openstreetmap.org/way/233918134"},"geometry":{"type":"LineString","coordinates":[[120.8179029,31.3226488],[120.8522664,31.3314646]]}},{"type":"Feature","id":"way/308159914","properties":{"osm_id":308159914,"name":"Unnamed waterway","name_en":null,"waterway":"river","source_url":"https://www.openstreetmap.org/way/308159914"},"geometry":{"type":"LineString","coordinates":[[120.895954,31.2173832],[120.8966259,31.2217552],[120.895687,31.2229908],[120.8955954,31.2246143],[120.8947803,31.2261313],[120.8939505,31.2301794],[120.8919638,31.2342273],[120.8904713,31.2377913],[120.8886036,31.2405101],[120.8881154,31.2415265],[120.8875253,31.2420586],[120.8873504,31.2421255],[120.8849778,31.2411673],[120.8840245,31.2415018]]}},{"type":"Feature","id":"way/503139989","properties":{"osm_id":503139989,"name":"Unnamed waterway","name_en":null,"waterway":"river","source_url":"https://www.openstreetmap.org/way/503139989"},"geometry":{"type":"LineString","coordinates":[[120.8544467,31.3270825],[120.8568728,31.3272921],[120.8575058,31.3275579],[120.8584714,31.3274296],[120.8622191,31.3278727],[120.8622104,31.3286576],[120.8646083,31.3286668],[120.8649194,31.3272555],[120.8655095,31.327008],[120.8658636,31.3261924],[120.8664,31.3260457],[120.8664644,31.3258166],[120.8659708,31.3240845],[120.8668721,31.3233238],[120.8663034,31.3229205],[120.8661854,31.3224256],[120.8668077,31.3220956],[120.866797,31.3214999],[120.8674729,31.3215549],[120.8679879,31.3212433],[120.8680522,31.3206383],[120.8669579,31.3205834],[120.8663571,31.3201984],[120.868299,31.3175954],[120.8684599,31.3166422],[120.8681911,31.3144171]]}},{"type":"Feature","id":"way/148731439","properties":{"osm_id":148731439,"name":"Unnamed waterway","name_en":null,"waterway":"river","source_url":"https://www.openstreetmap.org/way/148731439"},"geometry":{"type":"LineString","coordinates":[[120.8245488,31.3411686],[120.8279575,31.3424972],[120.8303539,31.3444925],[120.8315829,31.3465014],[120.8322589,31.3487137],[120.8398124,31.3480248],[120.8422665,31.3409557],[120.8426301,31.3406776],[120.842572,31.3400177],[120.8431937,31.338427]]}},{"type":"Feature","id":"way/234311798","properties":{"osm_id":234311798,"name":"Unnamed waterway","name_en":null,"waterway":"river","source_url":"https://www.openstreetmap.org/way/234311798"},"geometry":{"type":"LineString","coordinates":[[120.7994976,31.3464672],[120.8065076,31.3481604],[120.8078126,31.3487327],[120.8100954,31.3490252],[120.8135617,31.3497767],[120.8282061,31.3532653]]}},{"type":"Feature","id":"way/1535147655","properties":{"osm_id":1535147655,"name":"Unnamed waterway","name_en":null,"waterway":"river","source_url":"https://www.openstreetmap.org/way/1535147655"},"geometry":{"type":"LineString","coordinates":[[121.0719321,31.3633831],[121.072662,31.3583069],[121.0743139,31.3516879],[121.0746621,31.3381975]]}},{"type":"Feature","id":"way/1053776204","properties":{"osm_id":1053776204,"name":"Unnamed waterway","name_en":null,"waterway":"river","source_url":"https://www.openstreetmap.org/way/1053776204"},"geometry":{"type":"LineString","coordinates":[[120.9043745,31.1905197],[120.9048972,31.1898227],[120.9099335,31.1893298],[120.910823,31.1887296],[120.9113587,31.1874935],[120.912529,31.1856218],[120.9132413,31.1849689],[120.9137806,31.1837501],[120.9137806,31.1829927],[120.913282,31.182244],[120.9131497,31.1816172],[120.9120405,31.1802765],[120.9104226,31.1800675],[120.9093642,31.1801633],[120.9072883,31.179667],[120.9041462,31.1792934],[120.9011835,31.1785506]]}},{"type":"Feature","id":"way/1304839236","properties":{"osm_id":1304839236,"name":"Unnamed waterway","name_en":null,"waterway":"river","source_url":"https://www.openstreetmap.org/way/1304839236"},"geometry":{"type":"LineString","coordinates":[[120.7767314,31.2837502],[120.7894197,31.2833507],[120.7896055,31.2836612],[120.7897297,31.2881124],[120.7916003,31.2944694],[120.7917818,31.2950418],[120.7925982,31.2960435],[120.7935893,31.2967265]]}},{"type":"Feature","id":"way/1057057912","properties":{"osm_id":1057057912,"name":"Unnamed waterway","name_en":null,"waterway":"river","source_url":"https://www.openstreetmap.org/way/1057057912"},"geometry":{"type":"LineString","coordinates":[[120.7648029,31.2461696],[120.7705658,31.2456526],[120.7793052,31.2441394],[120.7822499,31.2422185],[120.7828389,31.242074],[120.7846275,31.2410203],[120.7856255,31.2411182],[120.7861483,31.2404181],[120.7867216,31.2391226],[120.7882812,31.2393091],[120.7894318,31.2385072],[120.7901996,31.238471]]}},{"type":"Feature","id":"way/234584374","properties":{"osm_id":234584374,"name":"Unnamed waterway","name_en":null,"waterway":"river","source_url":"https://www.openstreetmap.org/way/234584374"},"geometry":{"type":"LineString","coordinates":[[120.8316759,31.2494646],[120.8310758,31.2510384],[120.8296149,31.2528812],[120.8296743,31.2538356],[120.8290092,31.2546631],[120.8281719,31.25645],[120.8276909,31.258506],[120.8278096,31.2589984],[120.8264438,31.2613182],[120.8262419,31.2620187],[120.8253749,31.2632167],[120.82623,31.2670389],[120.8245495,31.2692976]]}},{"type":"Feature","id":"way/1044394356","properties":{"osm_id":1044394356,"name":"Unnamed waterway","name_en":null,"waterway":"river","source_url":"https://www.openstreetmap.org/way/1044394356"},"geometry":{"type":"LineString","coordinates":[[120.9180391,31.1633798],[120.9191279,31.163702],[120.9213361,31.1639197],[120.9216414,31.1639022],[120.9228014,31.1631099],[120.9245212,31.1632143],[120.9246535,31.1626571],[120.9258746,31.1614119],[120.9270856,31.1596877],[120.9274315,31.1583554],[120.9271263,31.1564135],[120.92734,31.1544628],[120.9264546,31.153113],[120.9258644,31.1525992],[120.925722,31.1518589],[120.9249486,31.1510403],[120.9247432,31.1502319]]}},{"type":"Feature","id":"way/308159915","properties":{"osm_id":308159915,"name":"Unnamed waterway","name_en":null,"waterway":"river","source_url":"https://www.openstreetmap.org/way/308159915"},"geometry":{"type":"LineString","coordinates":[[120.9036937,31.2102138],[120.9031465,31.209443],[120.9010683,31.2094128],[120.8996134,31.208886],[120.8984868,31.2087627],[120.8984258,31.2119205],[120.8982542,31.2127555],[120.8975321,31.2131253],[120.8976533,31.2146365],[120.8967304,31.2172079],[120.895954,31.2173832],[120.8946429,31.2166345],[120.8928754,31.2165772]]}},{"type":"Feature","id":"way/891244347","properties":{"osm_id":891244347,"name":"Unnamed waterway","name_en":null,"waterway":"river","source_url":"https://www.openstreetmap.org/way/891244347"},"geometry":{"type":"LineString","coordinates":[[120.9006948,31.2125006],[120.9002387,31.2075711],[120.8991551,31.2035793],[120.8999276,31.1996608],[120.9015369,31.1954943]]}},{"type":"Feature","id":"way/1304839235","properties":{"osm_id":1304839235,"name":"Unnamed waterway","name_en":null,"waterway":"river","source_url":"https://www.openstreetmap.org/way/1304839235"},"geometry":{"type":"LineString","coordinates":[[120.7767231,31.2856397],[120.7947273,31.2856004],[120.7959283,31.2849638],[120.7965607,31.2843664]]}},{"type":"Feature","id":"way/1043397869","properties":{"osm_id":1043397869,"name":"Unnamed waterway","name_en":null,"waterway":"river","source_url":"https://www.openstreetmap.org/way/1043397869"},"geometry":{"type":"LineString","coordinates":[[120.8819041,31.1300971],[120.8801104,31.1308542],[120.8792426,31.1309745],[120.8788376,31.1308259],[120.8782515,31.1290309],[120.8783135,31.1285797],[120.8780876,31.1278593],[120.8774542,31.1265436],[120.8760102,31.1243444],[120.875616,31.1240107],[120.8754255,31.1235026],[120.8750136,31.1215536],[120.8746371,31.1208559],[120.8750225,31.1203174],[120.8750845,31.1198169],[120.874331,31.1183354]]}},{"type":"Feature","id":"way/478235528","properties":{"osm_id":478235528,"name":"Unnamed waterway","name_en":null,"waterway":"river","source_url":"https://www.openstreetmap.org/way/478235528"},"geometry":{"type":"LineString","coordinates":[[120.9013875,31.2903665],[120.9010338,31.2891294],[120.9005203,31.2856243],[120.9010782,31.2829929],[120.9017613,31.2816738],[120.901561,31.2793619],[120.9015018,31.2741888]]}},{"type":"Feature","id":"way/1043672179","properties":{"osm_id":1043672179,"name":"Unnamed waterway","name_en":null,"waterway":"river","source_url":"https://www.openstreetmap.org/way/1043672179"},"geometry":{"type":"LineString","coordinates":[[120.895314,31.2380805],[120.8973143,31.2322428],[120.8974796,31.2306243],[120.89743,31.2273519],[120.8970746,31.2249416],[120.8965042,31.223323],[120.8963689,31.2221497]]}},{"type":"Feature","id":"way/753619028","properties":{"osm_id":753619028,"name":"Unnamed waterway","name_en":null,"waterway":"river","source_url":"https://www.openstreetmap.org/way/753619028"},"geometry":{"type":"LineString","coordinates":[[120.8312444,31.3049728],[120.8185007,31.302447],[120.8133989,31.3019786]]}},{"type":"Feature","id":"way/891244346","properties":{"osm_id":891244346,"name":"Unnamed waterway","name_en":null,"waterway":"river","source_url":"https://www.openstreetmap.org/way/891244346"},"geometry":{"type":"LineString","coordinates":[[120.8929999,31.2025981],[120.9003675,31.2036527],[120.9043586,31.203148],[120.907309,31.2007161],[120.9088606,31.1991249]]}},{"type":"Feature","id":"way/148731447","properties":{"osm_id":148731447,"name":"Unnamed waterway","name_en":null,"waterway":"river","source_url":"https://www.openstreetmap.org/way/148731447"},"geometry":{"type":"LineString","coordinates":[[120.8030449,31.3353342],[120.8098933,31.3376399],[120.8095665,31.3393055],[120.8039879,31.3401647],[120.8017247,31.3395593]]}},{"type":"Feature","id":"way/148731446","properties":{"osm_id":148731446,"name":"Unnamed waterway","name_en":null,"waterway":"river","source_url":"https://www.openstreetmap.org/way/148731446"},"geometry":{"type":"LineString","coordinates":[[120.8095665,31.3393055],[120.8232472,31.3428755],[120.8245488,31.3411686]]}},{"type":"Feature","id":"way/809039945","properties":{"osm_id":809039945,"name":"Unnamed waterway","name_en":null,"waterway":"river","source_url":"https://www.openstreetmap.org/way/809039945"},"geometry":{"type":"LineString","coordinates":[[120.7907248,31.2703843],[120.7907931,31.2806071],[120.7912635,31.2815069],[120.7923863,31.2820806],[120.7944822,31.2813942]]}},{"type":"Feature","id":"way/351192393","properties":{"osm_id":351192393,"name":"Unnamed waterway","name_en":null,"waterway":"river","source_url":"https://www.openstreetmap.org/way/351192393"},"geometry":{"type":"LineString","coordinates":[[120.9315629,31.1488921],[120.9293313,31.1490757],[120.9268573,31.1501651],[120.9252329,31.1501408],[120.9220186,31.1506977],[120.92042,31.1501651],[120.9190601,31.1500935],[120.9161975,31.1482106]]}},{"type":"Feature","id":"way/234312372","properties":{"osm_id":234312372,"name":"Unnamed waterway","name_en":null,"waterway":"river","source_url":"https://www.openstreetmap.org/way/234312372"},"geometry":{"type":"LineString","coordinates":[[120.8135992,31.3528432],[120.8153418,31.3458924],[120.8179211,31.3396171]]}},{"type":"Feature","id":"way/1057526768","properties":{"osm_id":1057526768,"name":"Unnamed waterway","name_en":null,"waterway":"river","source_url":"https://www.openstreetmap.org/way/1057526768"},"geometry":{"type":"LineString","coordinates":[[120.7757704,31.2132715],[120.7802152,31.2117119],[120.7816385,31.2120617],[120.7831763,31.211558],[120.784485,31.2116793],[120.7863173,31.2113481],[120.7888422,31.2099816],[120.7889839,31.2092867],[120.7884165,31.2086839]]}},{"type":"Feature","id":"way/1304839237","properties":{"osm_id":1304839237,"name":"Unnamed waterway","name_en":null,"waterway":"river","source_url":"https://www.openstreetmap.org/way/1304839237"},"geometry":{"type":"LineString","coordinates":[[120.7839496,31.2834721],[120.7839673,31.2970685]]}},{"type":"Feature","id":"way/1053199087","properties":{"osm_id":1053199087,"name":"Unnamed waterway","name_en":null,"waterway":"river","source_url":"https://www.openstreetmap.org/way/1053199087"},"geometry":{"type":"LineString","coordinates":[[120.9074255,31.1564047],[120.9046084,31.155874],[120.9055828,31.1534784],[120.9060668,31.1510021],[120.9068053,31.1501403],[120.9082421,31.1496174],[120.9086507,31.1491836],[120.9094905,31.1491462],[120.9093378,31.1484415],[120.9095232,31.1469201]]}},{"type":"Feature","id":"way/1535147644","properties":{"osm_id":1535147644,"name":"Unnamed waterway","name_en":null,"waterway":"river","source_url":"https://www.openstreetmap.org/way/1535147644"},"geometry":{"type":"LineString","coordinates":[[121.0664952,31.3392744],[121.0611758,31.3266486]]}},{"type":"Feature","id":"way/1043336847","properties":{"osm_id":1043336847,"name":"Unnamed waterway","name_en":null,"waterway":"river","source_url":"https://www.openstreetmap.org/way/1043336847"},"geometry":{"type":"LineString","coordinates":[[120.8972351,31.1125632],[120.8977336,31.1119362],[120.9005418,31.1112953],[120.9020478,31.1115114],[120.9036246,31.1107416],[120.9048383,31.1108402],[120.9061937,31.1106051],[120.9085811,31.1093574],[120.9103396,31.1091412],[120.9107914,31.1089175]]}},{"type":"Feature","id":"way/305660202","properties":{"osm_id":305660202,"name":"Unnamed waterway","name_en":null,"waterway":"river","source_url":"https://www.openstreetmap.org/way/305660202"},"geometry":{"type":"LineString","coordinates":[[120.874633,31.2674208],[120.8748027,31.266803],[120.8718387,31.2648771],[120.8722449,31.2644297],[120.8723471,31.2636477],[120.8722658,31.2631334],[120.8719568,31.2629527],[120.8722658,31.2609371],[120.8706234,31.2595748],[120.8708348,31.2591438],[120.873209,31.2586295]]}},{"type":"Feature","id":"way/1043703408","properties":{"osm_id":1043703408,"name":"Unnamed waterway","name_en":null,"waterway":"river","source_url":"https://www.openstreetmap.org/way/1043703408"},"geometry":{"type":"LineString","coordinates":[[120.8976998,31.217763],[120.8987417,31.2183048],[120.8986611,31.2196311],[120.8988558,31.2202914],[120.8985806,31.2212961],[120.8989699,31.2220367],[120.8998226,31.222054],[120.9013264,31.2214396],[120.9023268,31.2214569],[120.9026826,31.2218932],[120.9028572,31.2236328],[120.9039112,31.2238395],[120.9049884,31.2235646]]}},{"type":"Feature","id":"way/305660196","properties":{"osm_id":305660196,"name":"Unnamed waterway","name_en":null,"waterway":"river","source_url":"https://www.openstreetmap.org/way/305660196"},"geometry":{"type":"LineString","coordinates":[[120.8675494,31.2750958],[120.8671329,31.2745199],[120.8668372,31.2730651],[120.8659601,31.2724965],[120.8652353,31.2694592],[120.8646085,31.2686938],[120.8644292,31.2678257],[120.8659741,31.2674956],[120.8686778,31.2675323]]}},{"type":"Feature","id":"way/1053199091","properties":{"osm_id":1053199091,"name":"Unnamed waterway","name_en":null,"waterway":"river","source_url":"https://www.openstreetmap.org/way/1053199091"},"geometry":{"type":"LineString","coordinates":[[120.8946064,31.1566361],[120.8951104,31.1552878],[120.897946,31.1552131],[120.898355,31.1542051],[120.90028,31.1533744],[120.9056801,31.1527789]]}},{"type":"Feature","id":"way/901942897","properties":{"osm_id":901942897,"name":"Unnamed waterway","name_en":null,"waterway":"river","source_url":"https://www.openstreetmap.org/way/901942897"},"geometry":{"type":"LineString","coordinates":[[120.7998722,31.3584042],[120.8028482,31.3499538],[120.8042187,31.3476111]]}},{"type":"Feature","id":"way/1022823456","properties":{"osm_id":1022823456,"name":"Unnamed waterway","name_en":null,"waterway":"river","source_url":"https://www.openstreetmap.org/way/1022823456"},"geometry":{"type":"LineString","coordinates":[[120.8871327,31.2260974],[120.8772267,31.2257059],[120.8738629,31.2252524]]}},{"type":"Feature","id":"way/1053776188","properties":{"osm_id":1053776188,"name":"Unnamed waterway","name_en":null,"waterway":"river","source_url":"https://www.openstreetmap.org/way/1053776188"},"geometry":{"type":"LineString","coordinates":[[120.8893149,31.1760264],[120.889181,31.1743045],[120.8883958,31.171379],[120.8898027,31.1704318],[120.8921694,31.1700959],[120.8922021,31.1691534],[120.8923439,31.16906],[120.8943413,31.1686816]]}},{"type":"Feature","id":"way/1328576683","properties":{"osm_id":1328576683,"name":"Unnamed waterway","name_en":null,"waterway":"river","source_url":"https://www.openstreetmap.org/way/1328576683"},"geometry":{"type":"LineString","coordinates":[[121.0204845,31.1182888],[121.0196304,31.1180247],[121.0187386,31.1182168],[121.0165345,31.1180199],[121.0153948,31.1161555],[121.0162585,31.1157425],[121.0172736,31.1158049],[121.0177335,31.1161939],[121.0197189,31.1157473],[121.0198531,31.1154867],[121.021026,31.1155909]]}},{"type":"Feature","id":"way/794471348","properties":{"osm_id":794471348,"name":"Unnamed waterway","name_en":null,"waterway":"river","source_url":"https://www.openstreetmap.org/way/794471348"},"geometry":{"type":"LineString","coordinates":[[120.8576107,31.2572783],[120.8649182,31.2567487],[120.8683409,31.256101],[120.8701584,31.2554815]]}},{"type":"Feature","id":"way/1053199100","properties":{"osm_id":1053199100,"name":"Unnamed waterway","name_en":null,"waterway":"river","source_url":"https://www.openstreetmap.org/way/1053199100"},"geometry":{"type":"LineString","coordinates":[[120.89582,31.1491797],[120.8951836,31.1485501],[120.8954316,31.1473051],[120.8951919,31.1461025],[120.8953737,31.1458903],[120.8960432,31.1457983],[120.8962912,31.1455224],[120.8961507,31.1438034],[120.8986741,31.1398244]]}},{"type":"Feature","id":"way/1178078034","properties":{"osm_id":1178078034,"name":"Unnamed waterway","name_en":null,"waterway":"river","source_url":"https://www.openstreetmap.org/way/1178078034"},"geometry":{"type":"LineString","coordinates":[[120.8413342,31.0794972],[120.839225,31.0801888],[120.839046,31.0805553],[120.8388548,31.0815247],[120.8389853,31.0825305],[120.8387334,31.0832426],[120.8392948,31.0844172],[120.8397439,31.0863456],[120.8386788,31.0876086],[120.8385985,31.0884747]]}},{"type":"Feature","id":"way/1043616405","properties":{"osm_id":1043616405,"name":"Unnamed waterway","name_en":null,"waterway":"river","source_url":"https://www.openstreetmap.org/way/1043616405"},"geometry":{"type":"LineString","coordinates":[[120.9252652,31.1358928],[120.9246945,31.1357731],[120.924122,31.1361045],[120.9231022,31.1359178],[120.9229223,31.1350216],[120.9226605,31.1346902],[120.9230095,31.1334533],[120.9236475,31.1331872],[120.9242147,31.1309093],[120.9240163,31.1279746]]}},{"type":"Feature","id":"way/1043614998","properties":{"osm_id":1043614998,"name":"Unnamed waterway","name_en":null,"waterway":"river","source_url":"https://www.openstreetmap.org/way/1043614998"},"geometry":{"type":"LineString","coordinates":[[120.9192973,31.1277858],[120.9196401,31.1274441],[120.921331,31.1282818],[120.9224535,31.1284419],[120.9240163,31.1279746],[120.9252051,31.1270503],[120.9269174,31.1261353],[120.9273155,31.1256732],[120.9287824,31.1249543],[120.9297645,31.1249438]]}},{"type":"Feature","id":"way/1022824027","properties":{"osm_id":1022824027,"name":"Unnamed waterway","name_en":null,"waterway":"river","source_url":"https://www.openstreetmap.org/way/1022824027"},"geometry":{"type":"LineString","coordinates":[[120.8730726,31.2009838],[120.8734446,31.2024159],[120.8732852,31.2033858],[120.8735686,31.2036131],[120.8749506,31.2070682],[120.8744545,31.210008],[120.8746316,31.2108979]]}},{"type":"Feature","id":"way/1178329158","properties":{"osm_id":1178329158,"name":"Unnamed waterway","name_en":null,"waterway":"river","source_url":"https://www.openstreetmap.org/way/1178329158"},"geometry":{"type":"LineString","coordinates":[[120.8397439,31.0863456],[120.841011,31.0871275],[120.8417019,31.0887997],[120.8416633,31.0892407],[120.8397879,31.0922249],[120.8394875,31.0935258],[120.8383889,31.0943417],[120.8382759,31.094978]]}},{"type":"Feature","id":"way/1053199082","properties":{"osm_id":1053199082,"name":"Unnamed waterway","name_en":null,"waterway":"river","source_url":"https://www.openstreetmap.org/way/1053199082"},"geometry":{"type":"LineString","coordinates":[[120.8952681,31.1614604],[120.8946477,31.1613043],[120.8944824,31.1595644],[120.8947469,31.157202],[120.8946064,31.1566361],[120.8933914,31.1566644],[120.8892338,31.1575556]]}},{"type":"Feature","id":"way/336928212","properties":{"osm_id":336928212,"name":"Unnamed waterway","name_en":null,"waterway":"river","source_url":"https://www.openstreetmap.org/way/336928212"},"geometry":{"type":"LineString","coordinates":[[121.0517911,31.0861872],[121.0543795,31.076406]]}},{"type":"Feature","id":"way/895541573","properties":{"osm_id":895541573,"name":"Unnamed waterway","name_en":null,"waterway":"river","source_url":"https://www.openstreetmap.org/way/895541573"},"geometry":{"type":"LineString","coordinates":[[120.8264413,31.3126343],[120.8294562,31.3031055]]}},{"type":"Feature","id":"way/753930590","properties":{"osm_id":753930590,"name":"Unnamed waterway","name_en":null,"waterway":"river","source_url":"https://www.openstreetmap.org/way/753930590"},"geometry":{"type":"LineString","coordinates":[[120.8215359,31.2987494],[120.8250475,31.2997299],[120.8326744,31.3012201]]}},{"type":"Feature","id":"way/1281944426","properties":{"osm_id":1281944426,"name":"Unnamed waterway","name_en":null,"waterway":"river","source_url":"https://www.openstreetmap.org/way/1281944426"},"geometry":{"type":"LineString","coordinates":[[121.0764022,31.1132251],[121.0763754,31.1127559],[121.0760812,31.112492],[121.0760952,31.1117363],[121.0749558,31.1111086],[121.0749371,31.1104249],[121.0741152,31.1095453],[121.0750865,31.1086057],[121.0764221,31.107758],[121.0768284,31.1068303],[121.07808,31.1064225],[121.0783277,31.1061137]]}},{"type":"Feature","id":"way/478235531","properties":{"osm_id":478235531,"name":"Unnamed waterway","name_en":null,"waterway":"river","source_url":"https://www.openstreetmap.org/way/478235531"},"geometry":{"type":"LineString","coordinates":[[120.8849229,31.2771663],[120.8865567,31.2775113],[120.887827,31.2781451],[120.8916354,31.2777106],[120.8940508,31.2776655],[120.8954376,31.2784357]]}},{"type":"Feature","id":"way/1053776210","properties":{"osm_id":1053776210,"name":"Unnamed waterway","name_en":null,"waterway":"river","source_url":"https://www.openstreetmap.org/way/1053776210"},"geometry":{"type":"LineString","coordinates":[[120.916035,31.185834],[120.9161728,31.1853945],[120.9172628,31.1840655],[120.9192923,31.1808072],[120.9216977,31.1785885],[120.9216438,31.1779727]]}},{"type":"Feature","id":"way/1051955706","properties":{"osm_id":1051955706,"name":"Unnamed waterway","name_en":null,"waterway":"river","source_url":"https://www.openstreetmap.org/way/1051955706"},"geometry":{"type":"LineString","coordinates":[[120.9952996,31.0914189],[120.9959049,31.0923902],[120.9971919,31.0927264],[120.9985879,31.0938005],[121.0011945,31.0949072],[121.0033569,31.097203]]}},{"type":"Feature","id":"way/1022823448","properties":{"osm_id":1022823448,"name":"Unnamed waterway","name_en":null,"waterway":"river","source_url":"https://www.openstreetmap.org/way/1022823448"},"geometry":{"type":"LineString","coordinates":[[120.8723802,31.2204445],[120.8730606,31.220428],[120.8733691,31.2199037],[120.873722,31.2166133],[120.8740025,31.2160135],[120.8742656,31.214309],[120.8744291,31.2118653]]}},{"type":"Feature","id":"way/1053776190","properties":{"osm_id":1053776190,"name":"Unnamed waterway","name_en":null,"waterway":"river","source_url":"https://www.openstreetmap.org/way/1053776190"},"geometry":{"type":"LineString","coordinates":[[120.8923387,31.1603338],[120.8924914,31.1608238],[120.892306,31.1613324],[120.8925187,31.1621024],[120.8923496,31.163409],[120.8927259,31.1647948],[120.8925187,31.1655368],[120.8913899,31.1662973],[120.8912808,31.166624],[120.8916516,31.1677485],[120.8917658,31.1688594]]}},{"type":"Feature","id":"way/1043397893","properties":{"osm_id":1043397893,"name":"Unnamed waterway","name_en":null,"waterway":"river","source_url":"https://www.openstreetmap.org/way/1043397893"},"geometry":{"type":"LineString","coordinates":[[120.8821985,31.1262292],[120.8812352,31.1225129],[120.8805624,31.1214072],[120.8795802,31.1204586],[120.8793788,31.1198179],[120.8802206,31.1191496],[120.8798717,31.1181208]]}},{"type":"Feature","id":"way/1053776209","properties":{"osm_id":1053776209,"name":"Unnamed waterway","name_en":null,"waterway":"river","source_url":"https://www.openstreetmap.org/way/1053776209"},"geometry":{"type":"LineString","coordinates":[[120.9171751,31.1910212],[120.9181523,31.1892421],[120.9180896,31.1888027],[120.9163733,31.1882561],[120.9159223,31.1856732],[120.9137173,31.1852445],[120.9132413,31.1849689]]}},{"type":"Feature","id":"way/1328576678","properties":{"osm_id":1328576678,"name":"Unnamed waterway","name_en":null,"waterway":"river","source_url":"https://www.openstreetmap.org/way/1328576678"},"geometry":{"type":"LineString","coordinates":[[121.0235897,31.1159142],[121.0279204,31.1164577],[121.0280102,31.116821],[121.0283347,31.1168766],[121.028135,31.1189578],[121.0278255,31.1191245],[121.0252147,31.1187758]]}},{"type":"Feature","id":"way/1043334362","properties":{"osm_id":1043334362,"name":"Unnamed waterway","name_en":null,"waterway":"river","source_url":"https://www.openstreetmap.org/way/1043334362"},"geometry":{"type":"LineString","coordinates":[[120.8712014,31.1114453],[120.8711925,31.1099926],[120.8729687,31.1081343],[120.8729908,31.1060409],[120.8727694,31.1056389],[120.8716487,31.1052103],[120.8707741,31.104205]]}},{"type":"Feature","id":"way/1178072925","properties":{"osm_id":1178072925,"name":"Unnamed waterway","name_en":null,"waterway":"river","source_url":"https://www.openstreetmap.org/way/1178072925"},"geometry":{"type":"LineString","coordinates":[[120.8321806,31.0884726],[120.8314741,31.0882992],[120.8274139,31.0883836],[120.8250682,31.0891412],[120.8231109,31.0892425],[120.8227422,31.0894777],[120.8223355,31.0894647]]}},{"type":"Feature","id":"way/381973401","properties":{"osm_id":381973401,"name":"Unnamed waterway","name_en":null,"waterway":"river","source_url":"https://www.openstreetmap.org/way/381973401"},"geometry":{"type":"LineString","coordinates":[[120.9591103,31.3505878],[120.967358,31.347298],[120.9678188,31.3466743]]}},{"type":"Feature","id":"way/1493773869","properties":{"osm_id":1493773869,"name":"Unnamed waterway","name_en":null,"waterway":"river","source_url":"https://www.openstreetmap.org/way/1493773869"},"geometry":{"type":"LineString","coordinates":[[121.0708411,31.2349257],[121.0740727,31.2316964],[121.0764516,31.2280387]]}},{"type":"Feature","id":"way/793700215","properties":{"osm_id":793700215,"name":"Unnamed waterway","name_en":null,"waterway":"river","source_url":"https://www.openstreetmap.org/way/793700215"},"geometry":{"type":"LineString","coordinates":[[120.801146,31.364476],[120.8001029,31.3646548],[120.7985555,31.3640465],[120.7981735,31.363563],[120.7982331,31.3628761],[120.7989867,31.3617913],[120.799718,31.3601944],[120.8001487,31.3584484]]}},{"type":"Feature","id":"way/1053284578","properties":{"osm_id":1053284578,"name":"Unnamed waterway","name_en":null,"waterway":"river","source_url":"https://www.openstreetmap.org/way/1053284578"},"geometry":{"type":"LineString","coordinates":[[120.9182421,31.1555773],[120.9181286,31.154887],[120.9185419,31.1532318],[120.9169136,31.1531045],[120.9165168,31.1523971],[120.9160539,31.1521991],[120.9148968,31.1523759],[120.9122757,31.1520491]]}},{"type":"Feature","id":"way/1043613183","properties":{"osm_id":1043613183,"name":"Unnamed waterway","name_en":null,"waterway":"river","source_url":"https://www.openstreetmap.org/way/1043613183"},"geometry":{"type":"LineString","coordinates":[[120.9235031,31.1211122],[120.9261365,31.1200032],[120.9268093,31.1194888],[120.9291551,31.1193132],[120.9308568,31.1187527],[120.9317887,31.1190484]]}},{"type":"Feature","id":"way/1328576677","properties":{"osm_id":1328576677,"name":"Unnamed waterway","name_en":null,"waterway":"river","source_url":"https://www.openstreetmap.org/way/1328576677"},"geometry":{"type":"LineString","coordinates":[[121.0207808,31.1183264],[121.0211726,31.1163859],[121.0209549,31.1160664],[121.021026,31.1155909],[121.0235897,31.1159142],[121.0231003,31.1183917]]}},{"type":"Feature","id":"way/1043616394","properties":{"osm_id":1043616394,"name":"Unnamed waterway","name_en":null,"waterway":"river","source_url":"https://www.openstreetmap.org/way/1043616394"},"geometry":{"type":"LineString","coordinates":[[120.9222935,31.1178665],[120.9236202,31.1173691],[120.92274,31.1158817],[120.9197751,31.112575]]}},{"type":"Feature","id":"way/1043610582","properties":{"osm_id":1043610582,"name":"Unnamed waterway","name_en":null,"waterway":"river","source_url":"https://www.openstreetmap.org/way/1043610582"},"geometry":{"type":"LineString","coordinates":[[120.9276778,31.1312236],[120.9282204,31.1292369],[120.9288985,31.127622],[120.9299794,31.1271048],[120.9297645,31.1249438]]}},{"type":"Feature","id":"way/793700213","properties":{"osm_id":793700213,"name":"Unnamed waterway","name_en":null,"waterway":"river","source_url":"https://www.openstreetmap.org/way/793700213"},"geometry":{"type":"LineString","coordinates":[[120.8013301,31.3657815],[120.801146,31.364476],[120.8024395,31.3609904],[120.8029762,31.3589427]]}},{"type":"Feature","id":"way/1043336848","properties":{"osm_id":1043336848,"name":"Unnamed waterway","name_en":null,"waterway":"river","source_url":"https://www.openstreetmap.org/way/1043336848"},"geometry":{"type":"LineString","coordinates":[[120.9120123,31.1158656],[120.9113611,31.1120953],[120.9113539,31.1109402],[120.911102,31.1095294],[120.9107914,31.1089175]]}},{"type":"Feature","id":"way/1053284577","properties":{"osm_id":1053284577,"name":"Unnamed waterway","name_en":null,"waterway":"river","source_url":"https://www.openstreetmap.org/way/1053284577"},"geometry":{"type":"LineString","coordinates":[[120.9192279,31.1556722],[120.9159795,31.1555378],[120.9147645,31.1548163],[120.9135743,31.1547597],[120.9113828,31.1541439]]}},{"type":"Feature","id":"way/1452589710","properties":{"osm_id":1452589710,"name":"Unnamed waterway","name_en":null,"waterway":"river","source_url":"https://www.openstreetmap.org/way/1452589710"},"geometry":{"type":"LineString","coordinates":[[120.8096483,31.3204863],[120.8175705,31.3225638]]}},{"type":"Feature","id":"way/1486500814","properties":{"osm_id":1486500814,"name":"Unnamed waterway","name_en":null,"waterway":"river","source_url":"https://www.openstreetmap.org/way/1486500814"},"geometry":{"type":"LineString","coordinates":[[120.8617973,31.2380687],[120.862165,31.2389911],[120.8630626,31.2402539],[120.8631466,31.2407737],[120.8613496,31.2429706],[120.8611801,31.2433326],[120.8612857,31.2441449]]}},{"type":"Feature","id":"way/1178070135","properties":{"osm_id":1178070135,"name":"Unnamed waterway","name_en":null,"waterway":"river","source_url":"https://www.openstreetmap.org/way/1178070135"},"geometry":{"type":"LineString","coordinates":[[120.8329854,31.0866122],[120.8251564,31.0868367]]}},{"type":"Feature","id":"way/1043403420","properties":{"osm_id":1043403420,"name":"Unnamed waterway","name_en":null,"waterway":"river","source_url":"https://www.openstreetmap.org/way/1043403420"},"geometry":{"type":"LineString","coordinates":[[120.912593,31.1312931],[120.911559,31.1313869],[120.9107138,31.1318303],[120.9098576,31.1319003],[120.9086416,31.1324278],[120.9054121,31.1328712]]}},{"type":"Feature","id":"way/1043334357","properties":{"osm_id":1043334357,"name":"Unnamed waterway","name_en":null,"waterway":"river","source_url":"https://www.openstreetmap.org/way/1043334357"},"geometry":{"type":"LineString","coordinates":[[120.8665341,31.107422],[120.8672044,31.106116],[120.8697287,31.1064379],[120.8729043,31.1071392]]}},{"type":"Feature","id":"way/1043616384","properties":{"osm_id":1043616384,"name":"Unnamed waterway","name_en":null,"waterway":"river","source_url":"https://www.openstreetmap.org/way/1043616384"},"geometry":{"type":"LineString","coordinates":[[120.9317887,31.1190484],[120.9320222,31.11875],[120.9323145,31.1187273],[120.9356454,31.1196525],[120.9371337,31.119497],[120.9387061,31.1199407]]}},{"type":"Feature","id":"way/360148962","properties":{"osm_id":360148962,"name":"Unnamed waterway","name_en":null,"waterway":"river","source_url":"https://www.openstreetmap.org/way/360148962"},"geometry":{"type":"LineString","coordinates":[[121.0471223,31.4201694],[121.0472854,31.4191468],[121.0483419,31.4176583],[121.0482993,31.4163634],[121.0501674,31.4148961]]}},{"type":"Feature","id":"way/891244350","properties":{"osm_id":891244350,"name":"Unnamed waterway","name_en":null,"waterway":"river","source_url":"https://www.openstreetmap.org/way/891244350"},"geometry":{"type":"LineString","coordinates":[[120.8873901,31.2033418],[120.8878604,31.2031267],[120.8886087,31.201331],[120.8896708,31.1975867]]}},{"type":"Feature","id":"way/1043615004","properties":{"osm_id":1043615004,"name":"Unnamed waterway","name_en":null,"waterway":"river","source_url":"https://www.openstreetmap.org/way/1043615004"},"geometry":{"type":"LineString","coordinates":[[120.9230778,31.1214667],[120.9239909,31.1232736],[120.9257178,31.1235138],[120.9263654,31.1245394],[120.9271138,31.1254264],[120.9274682,31.1255938]]}},{"type":"Feature","id":"way/1043336851","properties":{"osm_id":1043336851,"name":"Unnamed waterway","name_en":null,"waterway":"river","source_url":"https://www.openstreetmap.org/way/1043336851"},"geometry":{"type":"LineString","coordinates":[[120.9169848,31.1139075],[120.916796,31.1133368],[120.9165888,31.1104001],[120.9153448,31.1079853]]}},{"type":"Feature","id":"way/1178332796","properties":{"osm_id":1178332796,"name":"Unnamed waterway","name_en":null,"waterway":"river","source_url":"https://www.openstreetmap.org/way/1178332796"},"geometry":{"type":"LineString","coordinates":[[120.8432505,31.093198],[120.8425901,31.093864],[120.8399214,31.0944001],[120.8369644,31.0953566]]}},{"type":"Feature","id":"way/1178482239","properties":{"osm_id":1178482239,"name":"Unnamed waterway","name_en":null,"waterway":"river","source_url":"https://www.openstreetmap.org/way/1178482239"},"geometry":{"type":"LineString","coordinates":[[120.8336714,31.095857],[120.8335747,31.0973951],[120.8328297,31.097577],[120.8320786,31.0988587],[120.8320291,31.1009374]]}},{"type":"Feature","id":"way/1043336850","properties":{"osm_id":1043336850,"name":"Unnamed waterway","name_en":null,"waterway":"river","source_url":"https://www.openstreetmap.org/way/1043336850"},"geometry":{"type":"LineString","coordinates":[[120.9107914,31.1089175],[120.9120447,31.1086309],[120.912739,31.1080333],[120.9152467,31.1080149],[120.9170007,31.1075278]]}},{"type":"Feature","id":"way/1535147643","properties":{"osm_id":1535147643,"name":"Unnamed waterway","name_en":null,"waterway":"river","source_url":"https://www.openstreetmap.org/way/1535147643"},"geometry":{"type":"LineString","coordinates":[[121.0611535,31.3408999],[121.0606084,31.3408067],[121.060429,31.3398591],[121.0596258,31.3386944],[121.0595212,31.3383115],[121.0597042,31.3372138],[121.0592634,31.3359086]]}},{"type":"Feature","id":"way/1022823453","properties":{"osm_id":1022823453,"name":"Unnamed waterway","name_en":null,"waterway":"river","source_url":"https://www.openstreetmap.org/way/1022823453"},"geometry":{"type":"LineString","coordinates":[[120.8738629,31.2252524],[120.8744255,31.2224365],[120.8737623,31.2224299],[120.8733458,31.2221167],[120.8730606,31.220428]]}},{"type":"Feature","id":"way/807948803","properties":{"osm_id":807948803,"name":"Unnamed waterway","name_en":null,"waterway":"river","source_url":"https://www.openstreetmap.org/way/807948803"},"geometry":{"type":"LineString","coordinates":[[120.8685947,31.2686121],[120.8702656,31.2687768],[120.8704607,31.2692216],[120.8708348,31.2692494],[120.8741194,31.2676845]]}},{"type":"Feature","id":"way/1053199097","properties":{"osm_id":1053199097,"name":"Unnamed waterway","name_en":null,"waterway":"river","source_url":"https://www.openstreetmap.org/way/1053199097"},"geometry":{"type":"LineString","coordinates":[[120.8918579,31.1520574],[120.8922943,31.1527411],[120.8928515,31.1551484],[120.8931805,31.1552748],[120.8939458,31.1562056],[120.8946393,31.1563632]]}},{"type":"Feature","id":"way/1043618950","properties":{"osm_id":1043618950,"name":"Unnamed waterway","name_en":null,"waterway":"river","source_url":"https://www.openstreetmap.org/way/1043618950"},"geometry":{"type":"LineString","coordinates":[[120.890764,31.1308704],[120.888081,31.1355774]]}},{"type":"Feature","id":"way/1043717007","properties":{"osm_id":1043717007,"name":"Unnamed waterway","name_en":null,"waterway":"river","source_url":"https://www.openstreetmap.org/way/1043717007"},"geometry":{"type":"LineString","coordinates":[[120.9271688,31.1707218],[120.9248221,31.1700562],[120.9250257,31.1670718]]}},{"type":"Feature","id":"way/1043353129","properties":{"osm_id":1043353129,"name":"Unnamed waterway","name_en":null,"waterway":"river","source_url":"https://www.openstreetmap.org/way/1043353129"},"geometry":{"type":"LineString","coordinates":[[120.9008045,31.1157909],[120.9019365,31.1152727],[120.9018455,31.1127889],[120.9021598,31.1114739]]}},{"type":"Feature","id":"way/1053776193","properties":{"osm_id":1053776193,"name":"Unnamed waterway","name_en":null,"waterway":"river","source_url":"https://www.openstreetmap.org/way/1053776193"},"geometry":{"type":"LineString","coordinates":[[120.8889276,31.1807541],[120.8892747,31.1804147],[120.8894235,31.1796793],[120.889283,31.1786256],[120.8896053,31.1774375],[120.8893149,31.1760264]]}},{"type":"Feature","id":"way/1053776191","properties":{"osm_id":1053776191,"name":"Unnamed waterway","name_en":null,"waterway":"river","source_url":"https://www.openstreetmap.org/way/1053776191"},"geometry":{"type":"LineString","coordinates":[[120.8918449,31.1702306],[120.8921958,31.1703433],[120.8927354,31.1725197],[120.8953508,31.1723648]]}},{"type":"Feature","id":"way/401154346","properties":{"osm_id":401154346,"name":"Unnamed waterway","name_en":null,"waterway":"river","source_url":"https://www.openstreetmap.org/way/401154346"},"geometry":{"type":"LineString","coordinates":[[120.9337654,31.3969575],[120.9348626,31.3955948],[120.9377521,31.3935616]]}},{"type":"Feature","id":"way/1043717003","properties":{"osm_id":1043717003,"name":"Unnamed waterway","name_en":null,"waterway":"river","source_url":"https://www.openstreetmap.org/way/1043717003"},"geometry":{"type":"LineString","coordinates":[[120.92736,31.1718834],[120.9271688,31.1707218],[120.9274639,31.1700078],[120.9283594,31.1689891],[120.9287461,31.1681619],[120.9293427,31.1677814]]}},{"type":"Feature","id":"way/1535147651","properties":{"osm_id":1535147651,"name":"Unnamed waterway","name_en":null,"waterway":"river","source_url":"https://www.openstreetmap.org/way/1535147651"},"geometry":{"type":"LineString","coordinates":[[121.059114,31.3354364],[121.0592484,31.3351651],[121.0640343,31.3336589]]}},{"type":"Feature","id":"way/1043717004","properties":{"osm_id":1043717004,"name":"Unnamed waterway","name_en":null,"waterway":"river","source_url":"https://www.openstreetmap.org/way/1043717004"},"geometry":{"type":"LineString","coordinates":[[120.928072,31.17216],[120.9288784,31.1722106],[120.92955,31.1699294],[120.9300487,31.1691719],[120.9302297,31.1684703]]}},{"type":"Feature","id":"way/1043717005","properties":{"osm_id":1043717005,"name":"Unnamed waterway","name_en":null,"waterway":"river","source_url":"https://www.openstreetmap.org/way/1043717005"},"geometry":{"type":"LineString","coordinates":[[120.9306919,31.1727746],[120.9314224,31.1696421],[120.9319597,31.1683136]]}},{"type":"Feature","id":"way/1043681743","properties":{"osm_id":1043681743,"name":"Unnamed waterway","name_en":null,"waterway":"river","source_url":"https://www.openstreetmap.org/way/1043681743"},"geometry":{"type":"LineString","coordinates":[[120.9035812,31.2081231],[120.9034604,31.2068311],[120.9008555,31.206142],[120.89978,31.2061419]]}},{"type":"Feature","id":"way/1053200264","properties":{"osm_id":1053200264,"name":"Unnamed waterway","name_en":null,"waterway":"river","source_url":"https://www.openstreetmap.org/way/1053200264"},"geometry":{"type":"LineString","coordinates":[[120.8951919,31.1461025],[120.8951072,31.1459482],[120.8944224,31.1459309],[120.8938988,31.1456896],[120.8905889,31.1472352]]}},{"type":"Feature","id":"way/1053199089","properties":{"osm_id":1053199089,"name":"Unnamed waterway","name_en":null,"waterway":"river","source_url":"https://www.openstreetmap.org/way/1053199089"},"geometry":{"type":"LineString","coordinates":[[120.9103412,31.1530151],[120.9085143,31.1520864],[120.907909,31.1520864],[120.9060668,31.1510021]]}},{"type":"Feature","id":"way/1328576676","properties":{"osm_id":1328576676,"name":"Unnamed waterway","name_en":null,"waterway":"river","source_url":"https://www.openstreetmap.org/way/1328576676"},"geometry":{"type":"LineString","coordinates":[[121.022761,31.1184545],[121.0231003,31.1183917],[121.0235434,31.1187998],[121.0252147,31.1187758],[121.0244688,31.1206628]]}},{"type":"Feature","id":"way/305660201","properties":{"osm_id":305660201,"name":"Unnamed waterway","name_en":null,"waterway":"river","source_url":"https://www.openstreetmap.org/way/305660201"},"geometry":{"type":"LineString","coordinates":[[120.8654964,31.2708359],[120.8664389,31.2708058],[120.8674045,31.2710786],[120.8685928,31.2706988],[120.8703411,31.2705421]]}},{"type":"Feature","id":"way/1043638181","properties":{"osm_id":1043638181,"name":"Unnamed waterway","name_en":null,"waterway":"river","source_url":"https://www.openstreetmap.org/way/1043638181"},"geometry":{"type":"LineString","coordinates":[[120.8650698,31.2051703],[120.8660427,31.2052452],[120.8673406,31.2048907],[120.8699475,31.2048765]]}},{"type":"Feature","id":"way/1053284579","properties":{"osm_id":1053284579,"name":"Unnamed waterway","name_en":null,"waterway":"river","source_url":"https://www.openstreetmap.org/way/1053284579"},"geometry":{"type":"LineString","coordinates":[[120.9185667,31.1533945],[120.9194623,31.1532621],[120.9209346,31.1521607],[120.9220186,31.1506977]]}},{"type":"Feature","id":"way/1178331982","properties":{"osm_id":1178331982,"name":"Unnamed waterway","name_en":null,"waterway":"river","source_url":"https://www.openstreetmap.org/way/1178331982"},"geometry":{"type":"LineString","coordinates":[[120.8397879,31.0922249],[120.8351026,31.0929969]]}},{"type":"Feature","id":"way/833707203","properties":{"osm_id":833707203,"name":"Unnamed waterway","name_en":null,"waterway":"river","source_url":"https://www.openstreetmap.org/way/833707203"},"geometry":{"type":"LineString","coordinates":[[120.849295,31.2726589],[120.8512302,31.2726201],[120.8538043,31.2730725]]}},{"type":"Feature","id":"way/503140227","properties":{"osm_id":503140227,"name":"Unnamed waterway","name_en":null,"waterway":"river","source_url":"https://www.openstreetmap.org/way/503140227"},"geometry":{"type":"LineString","coordinates":[[120.8574361,31.3297712],[120.8570927,31.3302615],[120.8568406,31.3313749],[120.8542818,31.3310817]]}},{"type":"Feature","id":"way/503140228","properties":{"osm_id":503140228,"name":"Unnamed waterway","name_en":null,"waterway":"river","source_url":"https://www.openstreetmap.org/way/503140228"},"geometry":{"type":"LineString","coordinates":[[120.8586806,31.327464],[120.8584714,31.3283003],[120.8574361,31.3297712],[120.8559233,31.3295879]]}},{"type":"Feature","id":"way/1493806466","properties":{"osm_id":1493806466,"name":"Unnamed waterway","name_en":null,"waterway":"river","source_url":"https://www.openstreetmap.org/way/1493806466"},"geometry":{"type":"LineString","coordinates":[[121.0982395,31.2285914],[121.0960883,31.2281098],[121.0940118,31.2279651]]}},{"type":"Feature","id":"way/1178329159","properties":{"osm_id":1178329159,"name":"Unnamed waterway","name_en":null,"waterway":"river","source_url":"https://www.openstreetmap.org/way/1178329159"},"geometry":{"type":"LineString","coordinates":[[120.8405346,31.0909166],[120.8395132,31.0905735],[120.8388925,31.0906723],[120.8390491,31.0918797],[120.8400711,31.0917839]]}},{"type":"Feature","id":"way/1007528623","properties":{"osm_id":1007528623,"name":"Unnamed waterway","name_en":null,"waterway":"river","source_url":"https://www.openstreetmap.org/way/1007528623"},"geometry":{"type":"LineString","coordinates":[[120.8114445,31.3588656],[120.8121004,31.3583795],[120.8128034,31.3556863]]}},{"type":"Feature","id":"way/1227819158","properties":{"osm_id":1227819158,"name":"Unnamed waterway","name_en":null,"waterway":"river","source_url":"https://www.openstreetmap.org/way/1227819158"},"geometry":{"type":"LineString","coordinates":[[120.8957679,31.2785625],[120.8974412,31.2795453],[120.8988001,31.2808204]]}},{"type":"Feature","id":"way/1043672173","properties":{"osm_id":1043672173,"name":"Unnamed waterway","name_en":null,"waterway":"river","source_url":"https://www.openstreetmap.org/way/1043672173"},"geometry":{"type":"LineString","coordinates":[[120.8984868,31.2087627],[120.8969067,31.2083045],[120.8946704,31.2079995]]}},{"type":"Feature","id":"way/305660205","properties":{"osm_id":305660205,"name":"Unnamed waterway","name_en":null,"waterway":"river","source_url":"https://www.openstreetmap.org/way/305660205"},"geometry":{"type":"LineString","coordinates":[[120.8688557,31.2668834],[120.8693875,31.2667057],[120.8718387,31.2648771]]}},{"type":"Feature","id":"way/1393219170","properties":{"osm_id":1393219170,"name":"Unnamed waterway","name_en":null,"waterway":"river","source_url":"https://www.openstreetmap.org/way/1393219170"},"geometry":{"type":"LineString","coordinates":[[120.9981326,31.0810419],[120.9993029,31.0825655],[120.9997027,31.0839405]]}},{"type":"Feature","id":"way/1043717008","properties":{"osm_id":1043717008,"name":"Unnamed waterway","name_en":null,"waterway":"river","source_url":"https://www.openstreetmap.org/way/1043717008"},"geometry":{"type":"LineString","coordinates":[[120.9284307,31.1685624],[120.9275391,31.1682625],[120.9269082,31.1677401],[120.9251236,31.1673467]]}},{"type":"Feature","id":"way/1328576680","properties":{"osm_id":1328576680,"name":"Unnamed waterway","name_en":null,"waterway":"river","source_url":"https://www.openstreetmap.org/way/1328576680"},"geometry":{"type":"LineString","coordinates":[[121.0252147,31.1187758],[121.0266075,31.1178467],[121.0269569,31.1173851],[121.0271534,31.1163615]]}},{"type":"Feature","id":"way/361162739","properties":{"osm_id":361162739,"name":"Unnamed waterway","name_en":null,"waterway":"river","source_url":"https://www.openstreetmap.org/way/361162739"},"geometry":{"type":"LineString","coordinates":[[120.9998335,31.2885059],[121.0014844,31.2877952],[121.003252,31.2878147]]}},{"type":"Feature","id":"way/1178469068","properties":{"osm_id":1178469068,"name":"Unnamed waterway","name_en":null,"waterway":"river","source_url":"https://www.openstreetmap.org/way/1178469068"},"geometry":{"type":"LineString","coordinates":[[120.8398566,31.0921404],[120.8418055,31.0927396],[120.8429203,31.0934128]]}},{"type":"Feature","id":"way/234312589","properties":{"osm_id":234312589,"name":"Unnamed waterway","name_en":null,"waterway":"river","source_url":"https://www.openstreetmap.org/way/234312589"},"geometry":{"type":"LineString","coordinates":[[120.7986128,31.353592],[120.7952289,31.35278]]}},{"type":"Feature","id":"way/361162740","properties":{"osm_id":361162740,"name":"Unnamed waterway","name_en":null,"waterway":"river","source_url":"https://www.openstreetmap.org/way/361162740"},"geometry":{"type":"LineString","coordinates":[[120.9968439,31.2863874],[120.9975255,31.2873702],[120.999164,31.2884815]]}},{"type":"Feature","id":"way/1043638187","properties":{"osm_id":1043638187,"name":"Unnamed waterway","name_en":null,"waterway":"river","source_url":"https://www.openstreetmap.org/way/1043638187"},"geometry":{"type":"LineString","coordinates":[[120.8700493,31.2041297],[120.8732852,31.2033858]]}},{"type":"Feature","id":"way/1043401547","properties":{"osm_id":1043401547,"name":"Unnamed waterway","name_en":null,"waterway":"river","source_url":"https://www.openstreetmap.org/way/1043401547"},"geometry":{"type":"LineString","coordinates":[[120.8749878,31.1247955],[120.8746945,31.1244406],[120.8740046,31.1221677]]}},{"type":"Feature","id":"way/1328576679","properties":{"osm_id":1328576679,"name":"Unnamed waterway","name_en":null,"waterway":"river","source_url":"https://www.openstreetmap.org/way/1328576679"},"geometry":{"type":"LineString","coordinates":[[121.0252147,31.1187758],[121.0246357,31.1179877],[121.0250746,31.1161006]]}},{"type":"Feature","id":"way/1053199088","properties":{"osm_id":1053199088,"name":"Unnamed waterway","name_en":null,"waterway":"river","source_url":"https://www.openstreetmap.org/way/1053199088"},"geometry":{"type":"LineString","coordinates":[[120.9124734,31.150061],[120.9111373,31.1496083],[120.9107611,31.1492769],[120.9095232,31.1490669]]}},{"type":"Feature","id":"way/885816513","properties":{"osm_id":885816513,"name":"Unnamed waterway","name_en":null,"waterway":"river","source_url":"https://www.openstreetmap.org/way/885816513"},"geometry":{"type":"LineString","coordinates":[[120.8991824,31.2813585],[120.8997479,31.2822043],[120.8998766,31.2828737],[120.9006813,31.2830846],[120.9010782,31.2829929]]}},{"type":"Feature","id":"way/1043681744","properties":{"osm_id":1043681744,"name":"Unnamed waterway","name_en":null,"waterway":"river","source_url":"https://www.openstreetmap.org/way/1043681744"},"geometry":{"type":"LineString","coordinates":[[120.9049579,31.2082876],[120.9043798,31.2083949],[120.9035812,31.2081231],[120.9031465,31.209443]]}},{"type":"Feature","id":"way/833468884","properties":{"osm_id":833468884,"name":"Unnamed waterway","name_en":null,"waterway":"river","source_url":"https://www.openstreetmap.org/way/833468884"},"geometry":{"type":"LineString","coordinates":[[120.8275689,31.3565906],[120.8283701,31.354034]]}},{"type":"Feature","id":"way/1043398626","properties":{"osm_id":1043398626,"name":"Unnamed waterway","name_en":null,"waterway":"river","source_url":"https://www.openstreetmap.org/way/1043398626"},"geometry":{"type":"LineString","coordinates":[[120.890678,31.1223125],[120.8903953,31.1213538],[120.8905385,31.1198573]]}},{"type":"Feature","id":"way/1043610576","properties":{"osm_id":1043610576,"name":"Unnamed waterway","name_en":null,"waterway":"river","source_url":"https://www.openstreetmap.org/way/1043610576"},"geometry":{"type":"LineString","coordinates":[[120.9255715,31.137013],[120.9252506,31.1357953],[120.925535,31.1345959]]}},{"type":"Feature","id":"way/1328576675","properties":{"osm_id":1328576675,"name":"Unnamed waterway","name_en":null,"waterway":"river","source_url":"https://www.openstreetmap.org/way/1328576675"},"geometry":{"type":"LineString","coordinates":[[121.0230667,31.1209364],[121.0244688,31.1206628],[121.0254447,31.1209316],[121.0252876,31.1212341]]}},{"type":"Feature","id":"way/1007528625","properties":{"osm_id":1007528625,"name":"Unnamed waterway","name_en":null,"waterway":"river","source_url":"https://www.openstreetmap.org/way/1007528625"},"geometry":{"type":"LineString","coordinates":[[120.8128308,31.355581],[120.8134822,31.3532586]]}},{"type":"Feature","id":"way/1486747529","properties":{"osm_id":1486747529,"name":"Unnamed waterway","name_en":null,"waterway":"river","source_url":"https://www.openstreetmap.org/way/1486747529"},"geometry":{"type":"LineString","coordinates":[[120.8611739,31.2447697],[120.8613669,31.2456285],[120.8612683,31.2470933]]}},{"type":"Feature","id":"way/807948835","properties":{"osm_id":807948835,"name":"Unnamed waterway","name_en":null,"waterway":"river","source_url":"https://www.openstreetmap.org/way/807948835"},"geometry":{"type":"LineString","coordinates":[[120.8656504,31.2676274],[120.8665579,31.2686934],[120.8677384,31.2686221]]}},{"type":"Feature","id":"way/794471345","properties":{"osm_id":794471345,"name":"Unnamed waterway","name_en":null,"waterway":"river","source_url":"https://www.openstreetmap.org/way/794471345"},"geometry":{"type":"LineString","coordinates":[[120.8644292,31.2678257],[120.8643217,31.2672494],[120.8637491,31.2669498],[120.8631827,31.2659219]]}},{"type":"Feature","id":"way/1007528627","properties":{"osm_id":1007528627,"name":"Unnamed waterway","name_en":null,"waterway":"river","source_url":"https://www.openstreetmap.org/way/1007528627"},"geometry":{"type":"LineString","coordinates":[[120.8090607,31.3599859],[120.8113306,31.3589176]]}},{"type":"Feature","id":"way/1043610568","properties":{"osm_id":1043610568,"name":"Unnamed waterway","name_en":null,"waterway":"river","source_url":"https://www.openstreetmap.org/way/1043610568"},"geometry":{"type":"LineString","coordinates":[[120.9290289,31.1390962],[120.9283417,31.1394565],[120.9267315,31.1390836]]}},{"type":"Feature","id":"way/1043336849","properties":{"osm_id":1043336849,"name":"Unnamed waterway","name_en":null,"waterway":"river","source_url":"https://www.openstreetmap.org/way/1043336849"},"geometry":{"type":"LineString","coordinates":[[120.9139642,31.1144792],[120.9133197,31.1144735],[120.9125274,31.1140654],[120.9116587,31.1139078]]}},{"type":"Feature","id":"way/793700212","properties":{"osm_id":793700212,"name":"Unnamed waterway","name_en":null,"waterway":"river","source_url":"https://www.openstreetmap.org/way/793700212"},"geometry":{"type":"LineString","coordinates":[[120.7997203,31.367015],[120.8000899,31.3662908],[120.8013301,31.3657815]]}},{"type":"Feature","id":"way/1391852065","properties":{"osm_id":1391852065,"name":"Unnamed waterway","name_en":null,"waterway":"river","source_url":"https://www.openstreetmap.org/way/1391852065"},"geometry":{"type":"LineString","coordinates":[[120.9925764,31.0895089],[120.9944825,31.0904368]]}},{"type":"Feature","id":"way/503189936","properties":{"osm_id":503189936,"name":"Unnamed waterway","name_en":null,"waterway":"river","source_url":"https://www.openstreetmap.org/way/503189936"},"geometry":{"type":"LineString","coordinates":[[120.9633779,31.3857905],[120.9637722,31.384238],[120.9639849,31.3840466]]}},{"type":"Feature","id":"way/1328576681","properties":{"osm_id":1328576681,"name":"Unnamed waterway","name_en":null,"waterway":"river","source_url":"https://www.openstreetmap.org/way/1328576681"},"geometry":{"type":"LineString","coordinates":[[121.0266075,31.1178467],[121.0259735,31.1172612],[121.02484,31.1172533]]}},{"type":"Feature","id":"way/503139984","properties":{"osm_id":503139984,"name":"Unnamed waterway","name_en":null,"waterway":"river","source_url":"https://www.openstreetmap.org/way/503139984"},"geometry":{"type":"LineString","coordinates":[[120.8607294,31.3276888],[120.8609283,31.3271043],[120.8621943,31.327228]]}},{"type":"Feature","id":"way/1178482734","properties":{"osm_id":1178482734,"name":"Unnamed waterway","name_en":null,"waterway":"river","source_url":"https://www.openstreetmap.org/way/1178482734"},"geometry":{"type":"LineString","coordinates":[[120.8330533,31.0956945],[120.8324557,31.0952895],[120.8313249,31.0952913]]}},{"type":"Feature","id":"way/1043401552","properties":{"osm_id":1043401552,"name":"Unnamed waterway","name_en":null,"waterway":"river","source_url":"https://www.openstreetmap.org/way/1043401552"},"geometry":{"type":"LineString","coordinates":[[120.874303,31.1220253],[120.8727131,31.1228118]]}},{"type":"Feature","id":"way/1043616398","properties":{"osm_id":1043616398,"name":"Unnamed waterway","name_en":null,"waterway":"river","source_url":"https://www.openstreetmap.org/way/1043616398"},"geometry":{"type":"LineString","coordinates":[[120.9161115,31.1192726],[120.915902,31.1178621]]}},{"type":"Feature","id":"way/1391852067","properties":{"osm_id":1391852067,"name":"Unnamed waterway","name_en":null,"waterway":"river","source_url":"https://www.openstreetmap.org/way/1391852067"},"geometry":{"type":"LineString","coordinates":[[120.9965038,31.0904848],[120.9952996,31.0914189]]}},{"type":"Feature","id":"way/1053776189","properties":{"osm_id":1053776189,"name":"Unnamed waterway","name_en":null,"waterway":"river","source_url":"https://www.openstreetmap.org/way/1053776189"},"geometry":{"type":"LineString","coordinates":[[120.8909236,31.1686288],[120.8923439,31.16906]]}},{"type":"Feature","id":"way/794471349","properties":{"osm_id":794471349,"name":"Unnamed waterway","name_en":null,"waterway":"river","source_url":"https://www.openstreetmap.org/way/794471349"},"geometry":{"type":"LineString","coordinates":[[120.8706234,31.2595748],[120.8693141,31.259454]]}},{"type":"Feature","id":"way/503140226","properties":{"osm_id":503140226,"name":"Unnamed waterway","name_en":null,"waterway":"river","source_url":"https://www.openstreetmap.org/way/503140226"},"geometry":{"type":"LineString","coordinates":[[120.8568406,31.3313749],[120.8568138,31.3324975]]}},{"type":"Feature","id":"way/1178469063","properties":{"osm_id":1178469063,"name":"Unnamed waterway","name_en":null,"waterway":"river","source_url":"https://www.openstreetmap.org/way/1178469063"},"geometry":{"type":"LineString","coordinates":[[120.8354099,31.0941222],[120.8366914,31.0939755]]}},{"type":"Feature","id":"way/1053199096","properties":{"osm_id":1053199096,"name":"Unnamed waterway","name_en":null,"waterway":"river","source_url":"https://www.openstreetmap.org/way/1053199096"},"geometry":{"type":"LineString","coordinates":[[120.8954525,31.1541745],[120.8952016,31.1549818],[120.8953067,31.1552131]]}},{"type":"Feature","id":"way/1178483220","properties":{"osm_id":1178483220,"name":"Unnamed waterway","name_en":null,"waterway":"river","source_url":"https://www.openstreetmap.org/way/1178483220"},"geometry":{"type":"LineString","coordinates":[[120.8307396,31.0953718],[120.8300276,31.0955095],[120.829653,31.0958006]]}},{"type":"Feature","id":"way/1043717006","properties":{"osm_id":1043717006,"name":"Unnamed waterway","name_en":null,"waterway":"river","source_url":"https://www.openstreetmap.org/way/1043717006"},"geometry":{"type":"LineString","coordinates":[[120.9296121,31.1729379],[120.9290514,31.1726373],[120.9288784,31.1722106]]}},{"type":"Feature","id":"way/886157628","properties":{"osm_id":886157628,"name":"Unnamed waterway","name_en":null,"waterway":"river","source_url":"https://www.openstreetmap.org/way/886157628"},"geometry":{"type":"LineString","coordinates":[[120.9682417,31.346102],[120.9684601,31.3458064],[120.9682359,31.3453347]]}},{"type":"Feature","id":"way/886157626","properties":{"osm_id":886157626,"name":"Unnamed waterway","name_en":null,"waterway":"river","source_url":"https://www.openstreetmap.org/way/886157626"},"geometry":{"type":"LineString","coordinates":[[120.9680118,31.344863],[120.9676346,31.3440693]]}},{"type":"Feature","id":"way/807948834","properties":{"osm_id":807948834,"name":"Unnamed waterway","name_en":null,"waterway":"river","source_url":"https://www.openstreetmap.org/way/807948834"},"geometry":{"type":"LineString","coordinates":[[120.8677384,31.2686221],[120.8685947,31.2686121]]}},{"type":"Feature","id":"way/1043616395","properties":{"osm_id":1043616395,"name":"Unnamed waterway","name_en":null,"waterway":"river","source_url":"https://www.openstreetmap.org/way/1043616395"},"geometry":{"type":"LineString","coordinates":[[120.9212847,31.1155264],[120.9220474,31.1152212]]}},{"type":"Feature","id":"way/886157629","properties":{"osm_id":886157629,"name":"Unnamed waterway","name_en":null,"waterway":"river","source_url":"https://www.openstreetmap.org/way/886157629"},"geometry":{"type":"LineString","coordinates":[[120.9678188,31.3466743],[120.9682417,31.346102]]}},{"type":"Feature","id":"way/1486747528","properties":{"osm_id":1486747528,"name":"Unnamed waterway","name_en":null,"waterway":"river","source_url":"https://www.openstreetmap.org/way/1486747528"},"geometry":{"type":"LineString","coordinates":[[120.8612857,31.2441449],[120.8611739,31.2447697]]}},{"type":"Feature","id":"way/885816514","properties":{"osm_id":885816514,"name":"Unnamed waterway","name_en":null,"waterway":"river","source_url":"https://www.openstreetmap.org/way/885816514"},"geometry":{"type":"LineString","coordinates":[[120.8988001,31.2808204],[120.8991824,31.2813585]]}},{"type":"Feature","id":"way/1043618163","properties":{"osm_id":1043618163,"name":"Unnamed waterway","name_en":null,"waterway":"river","source_url":"https://www.openstreetmap.org/way/1043618163"},"geometry":{"type":"LineString","coordinates":[[120.88045,31.1312754],[120.8802792,31.1307912]]}},{"type":"Feature","id":"way/807948802","properties":{"osm_id":807948802,"name":"Unnamed waterway","name_en":null,"waterway":"river","source_url":"https://www.openstreetmap.org/way/807948802"},"geometry":{"type":"LineString","coordinates":[[120.8741194,31.2676845],[120.874633,31.2674208]]}},{"type":"Feature","id":"way/1178332795","properties":{"osm_id":1178332795,"name":"Unnamed waterway","name_en":null,"waterway":"river","source_url":"https://www.openstreetmap.org/way/1178332795"},"geometry":{"type":"LineString","coordinates":[[120.8389551,31.0928719],[120.8387399,31.0924519]]}},{"type":"Feature","id":"way/886157627","properties":{"osm_id":886157627,"name":"Unnamed waterway","name_en":null,"waterway":"river","source_url":"https://www.openstreetmap.org/way/886157627"},"geometry":{"type":"LineString","coordinates":[[120.9682359,31.3453347],[120.9680118,31.344863]]}},{"type":"Feature","id":"way/1535147652","properties":{"osm_id":1535147652,"name":"Unnamed waterway","name_en":null,"waterway":"river","source_url":"https://www.openstreetmap.org/way/1535147652"},"geometry":{"type":"LineString","coordinates":[[121.0592634,31.3359086],[121.059114,31.3354364]]}},{"type":"Feature","id":"way/1007528624","properties":{"osm_id":1007528624,"name":"Unnamed waterway","name_en":null,"waterway":"river","source_url":"https://www.openstreetmap.org/way/1007528624"},"geometry":{"type":"LineString","coordinates":[[120.8134822,31.3532586],[120.8135992,31.3528432]]}},{"type":"Feature","id":"way/878114045","properties":{"osm_id":878114045,"name":"Unnamed waterway","name_en":null,"waterway":"river","source_url":"https://www.openstreetmap.org/way/878114045"},"geometry":{"type":"LineString","coordinates":[[120.7995426,31.3673974],[120.7997203,31.367015]]}},{"type":"Feature","id":"way/1328576685","properties":{"osm_id":1328576685,"name":"Unnamed waterway","name_en":null,"waterway":"river","source_url":"https://www.openstreetmap.org/way/1328576685"},"geometry":{"type":"LineString","coordinates":[[121.0211726,31.1163859],[121.0215368,31.1164334]]}},{"type":"Feature","id":"way/1227819159","properties":{"osm_id":1227819159,"name":"Unnamed waterway","name_en":null,"waterway":"river","source_url":"https://www.openstreetmap.org/way/1227819159"},"geometry":{"type":"LineString","coordinates":[[120.8954376,31.2784357],[120.8957679,31.2785625]]}},{"type":"Feature","id":"way/833707202","properties":{"osm_id":833707202,"name":"Unnamed waterway","name_en":null,"waterway":"river","source_url":"https://www.openstreetmap.org/way/833707202"},"geometry":{"type":"LineString","coordinates":[[120.8538043,31.2730725],[120.8541517,31.2730765]]}},{"type":"Feature","id":"way/1452589709","properties":{"osm_id":1452589709,"name":"Unnamed waterway","name_en":null,"waterway":"river","source_url":"https://www.openstreetmap.org/way/1452589709"},"geometry":{"type":"LineString","coordinates":[[120.8175705,31.3225638],[120.8179029,31.3226488]]}},{"type":"Feature","id":"way/1328576684","properties":{"osm_id":1328576684,"name":"Unnamed waterway","name_en":null,"waterway":"river","source_url":"https://www.openstreetmap.org/way/1328576684"},"geometry":{"type":"LineString","coordinates":[[121.0209549,31.1160664],[121.0206507,31.1161975]]}},{"type":"Feature","id":"way/1328576682","properties":{"osm_id":1328576682,"name":"Unnamed waterway","name_en":null,"waterway":"river","source_url":"https://www.openstreetmap.org/way/1328576682"},"geometry":{"type":"LineString","coordinates":[[121.0229451,31.1211437],[121.0230667,31.1209364]]}},{"type":"Feature","id":"way/886157625","properties":{"osm_id":886157625,"name":"Unnamed waterway","name_en":null,"waterway":"river","source_url":"https://www.openstreetmap.org/way/886157625"},"geometry":{"type":"LineString","coordinates":[[120.9676346,31.3440693],[120.9675551,31.3438809]]}},{"type":"Feature","id":"way/878118259","properties":{"osm_id":878118259,"name":"Unnamed waterway","name_en":null,"waterway":"river","source_url":"https://www.openstreetmap.org/way/878118259"},"geometry":{"type":"LineString","coordinates":[[120.7930014,31.3652882],[120.793063,31.3651559]]}},{"type":"Feature","id":"way/1007528628","properties":{"osm_id":1007528628,"name":"Unnamed waterway","name_en":null,"waterway":"river","source_url":"https://www.openstreetmap.org/way/1007528628"},"geometry":{"type":"LineString","coordinates":[[120.8113306,31.3589176],[120.8114445,31.3588656]]}},{"type":"Feature","id":"way/1007528626","properties":{"osm_id":1007528626,"name":"Unnamed waterway","name_en":null,"waterway":"river","source_url":"https://www.openstreetmap.org/way/1007528626"},"geometry":{"type":"LineString","coordinates":[[120.8128034,31.3556863],[120.8128308,31.355581]]}},{"type":"Feature","id":"way/878118258","properties":{"osm_id":878118258,"name":"Unnamed waterway","name_en":null,"waterway":"river","source_url":"https://www.openstreetmap.org/way/878118258"},"geometry":{"type":"LineString","coordinates":[[120.793063,31.3651559],[120.7930756,31.3651289]]}},{"type":"Feature","id":"way/878114046","properties":{"osm_id":878114046,"name":"Unnamed waterway","name_en":null,"waterway":"river","source_url":"https://www.openstreetmap.org/way/878114046"},"geometry":{"type":"LineString","coordinates":[[120.7995303,31.3674214],[120.7995426,31.3673974]]}},{"type":"Feature","id":"way/878118260","properties":{"osm_id":878118260,"name":"Unnamed waterway","name_en":null,"waterway":"river","source_url":"https://www.openstreetmap.org/way/878118260"},"geometry":{"type":"LineString","coordinates":[[120.7929946,31.365303],[120.7930014,31.3652882]]}},{"type":"Feature","id":"way/651190388","properties":{"osm_id":651190388,"name":"Unnamed waterway","name_en":null,"waterway":"canal","source_url":"https://www.openstreetmap.org/way/651190388"},"geometry":{"type":"LineString","coordinates":[[120.7420649,31.2179994],[120.7426882,31.2155101],[120.742836,31.2067636],[120.7422244,31.1973389],[120.7429969,31.1847606],[120.7432973,31.1830488],[120.7498312,31.1638633],[120.7518387,31.1604569],[120.7520628,31.1595117],[120.7572126,31.155527],[120.7582855,31.1540029],[120.7618904,31.1529562],[120.7691216,31.1525522],[120.7730698,31.150624],[120.7829919,31.1450555],[120.7887876,31.1428559],[120.7912767,31.1416805],[120.7938731,31.1401286],[120.7973385,31.1390726],[120.8019948,31.1385767],[120.8062648,31.1363911],[120.8180666,31.1285667],[120.829482,31.1240848],[120.8538794,31.12076],[120.8564258,31.1202345],[120.86169,31.1181147],[120.8686638,31.1169574],[120.8763885,31.116094],[120.8859372,31.1178024],[120.8926105,31.1185189],[120.9052706,31.1181882],[120.9073734,31.1178943],[120.9095192,31.1171779],[120.9151625,31.116939],[120.9172869,31.1153041],[120.9212565,31.1109502],[120.9756995,31.0911875]]}},{"type":"Feature","id":"way/342230524","properties":{"osm_id":342230524,"name":"Unnamed waterway","name_en":null,"waterway":"canal","source_url":"https://www.openstreetmap.org/way/342230524"},"geometry":{"type":"LineString","coordinates":[[120.9285408,31.0240264],[120.9284577,31.0243724],[120.9286921,31.0253197],[120.9284239,31.0258718],[120.9274583,31.0266625],[120.9247975,31.0300457],[120.9242825,31.0327118],[120.9243469,31.0341827],[120.926836,31.0372348],[120.9284668,31.0385769],[120.9288101,31.040489],[120.9295611,31.0422723],[120.931856,31.0443268],[120.9344749,31.0461514],[120.9367924,31.0470522],[120.9389381,31.0492031],[120.9446673,31.0562524],[120.9462123,31.0576494],[120.9471242,31.0581733],[120.949034,31.0584674],[120.9514479,31.058596],[120.9536903,31.0583295],[120.9577023,31.0584857],[120.9638714,31.0608018],[120.9677874,31.0632097],[120.9712528,31.0658932],[120.9764992,31.0684756],[120.9796213,31.0693578],[120.9858065,31.0720687],[121.0000315,31.0792741],[121.008659,31.0838898],[121.0100752,31.0848316],[121.0116845,31.0868852],[121.0120332,31.0883185],[121.0120708,31.0893935],[121.0118669,31.0966332],[121.0122102,31.0977218],[121.0135245,31.0984752],[121.0194415,31.1005973],[121.0200047,31.1013644],[121.020925,31.1020677],[121.0228529,31.1024983],[121.0233559,31.1028572],[121.0243094,31.1036556],[121.0250046,31.104804],[121.0270477,31.1053617]]}},{"type":"Feature","id":"way/766883963","properties":{"osm_id":766883963,"name":"Unnamed waterway","name_en":null,"waterway":"canal","source_url":"https://www.openstreetmap.org/way/766883963"},"geometry":{"type":"LineString","coordinates":[[121.0174586,31.1778359],[121.01789,31.1795124],[121.0192333,31.1826967],[121.0196893,31.1852693],[121.0202809,31.1898133],[121.0201946,31.1943783],[121.0204781,31.1974566],[121.0204041,31.2012832],[121.0201084,31.2045827],[121.0191562,31.2087293],[121.0173322,31.2135779],[121.0170857,31.2154541],[121.0172706,31.2160232],[121.0173692,31.218089],[121.0164079,31.2197332],[121.0165065,31.223443],[121.016753,31.224107],[121.0164572,31.224929],[121.0166051,31.225477],[121.0164326,31.2267101],[121.0166346,31.2296067],[121.0169132,31.232032],[121.0203024,31.2319266],[121.0207583,31.2436021],[121.0247884,31.2492602]]}},{"type":"Feature","id":"way/348365739","properties":{"osm_id":348365739,"name":"Unnamed waterway","name_en":null,"waterway":"canal","source_url":"https://www.openstreetmap.org/way/348365739"},"geometry":{"type":"LineString","coordinates":[[120.767489,31.1238892],[120.7680959,31.1210265],[120.7688318,31.115146],[120.7708686,31.1112313],[120.7724024,31.1050247],[120.7753422,31.1010066],[120.7779168,31.0982079],[120.7843259,31.0902648],[120.785878,31.0887324],[120.7891282,31.0860741],[120.7907715,31.0843227],[120.7931453,31.0825713],[120.7971806,31.0789276],[120.7999926,31.0752212],[120.8009604,31.0743141],[120.8041558,31.0719995],[120.8067669,31.0704199],[120.8095789,31.068199],[120.8116422,31.0669946]]}},{"type":"Feature","id":"way/361747487","properties":{"osm_id":361747487,"name":"Unnamed waterway","name_en":null,"waterway":"canal","source_url":"https://www.openstreetmap.org/way/361747487"},"geometry":{"type":"LineString","coordinates":[[120.9513394,31.2330149],[120.9705016,31.2318657],[120.9729127,31.2318796],[120.9773357,31.2325029],[120.9775149,31.2323044],[120.9776261,31.2286684],[120.9769053,31.2264744],[120.9769419,31.2261052],[120.9773858,31.225628],[120.9798173,31.224935],[120.9791941,31.2230926],[120.9784285,31.221689],[120.9787461,31.2209854],[120.9814219,31.2205954],[120.9810595,31.2189479],[120.980253,31.2177358],[120.9803712,31.2174711],[120.9818577,31.2170218],[120.9809739,31.2136641],[120.981088,31.2128386],[120.9805585,31.2084671],[120.9798946,31.2051055],[120.9790434,31.2028691],[120.978571,31.2004794],[120.9782411,31.1996711],[120.9777239,31.1939298],[120.9772823,31.1911659]]}},{"type":"Feature","id":"way/887512331","properties":{"osm_id":887512331,"name":"Unnamed waterway","name_en":null,"waterway":"canal","source_url":"https://www.openstreetmap.org/way/887512331"},"geometry":{"type":"LineString","coordinates":[[121.0791892,31.3628325],[121.0794898,31.3366091],[121.0518191,31.3454419],[121.0445807,31.3462954],[121.0392989,31.3472925],[121.0383742,31.3469136],[121.0373136,31.3470618]]}},{"type":"Feature","id":"way/80408003","properties":{"osm_id":80408003,"name":"Unnamed waterway","name_en":null,"waterway":"canal","source_url":"https://www.openstreetmap.org/way/80408003"},"geometry":{"type":"LineString","coordinates":[[121.0843782,31.1647312],[121.0899659,31.1648063],[121.092977,31.1654711],[121.0969064,31.1667063],[121.1092421,31.1667103],[121.1129656,31.168043],[121.1155041,31.1683254],[121.1170399,31.168282],[121.1184488,31.167967],[121.1231706,31.1678425],[121.1282094,31.1664031],[121.1341369,31.1668267],[121.1382112,31.1674892],[121.1423871,31.1668592],[121.1433898,31.1671199],[121.1460679,31.1683363],[121.1516019,31.1686947],[121.1529981,31.1686295],[121.1571661,31.1692121]]}},{"type":"Feature","id":"way/359380704","properties":{"osm_id":359380704,"name":"Unnamed waterway","name_en":null,"waterway":"canal","source_url":"https://www.openstreetmap.org/way/359380704"},"geometry":{"type":"LineString","coordinates":[[121.0374399,31.3478121],[121.026294,31.349563],[121.0264789,31.4029524]]}},{"type":"Feature","id":"way/405658942","properties":{"osm_id":405658942,"name":"Unnamed waterway","name_en":null,"waterway":"canal","source_url":"https://www.openstreetmap.org/way/405658942"},"geometry":{"type":"LineString","coordinates":[[121.122615,31.3216378],[121.1134341,31.3244373],[121.1096951,31.3257639],[121.1043253,31.3272486],[121.1040464,31.3271661],[121.1037299,31.3260664],[121.1028555,31.3260572],[121.1017397,31.3280368],[121.1012193,31.3283392],[121.0915007,31.3315234],[121.0908339,31.3314783],[121.0907486,31.3316901],[121.0885613,31.332461],[121.0872685,31.3326937],[121.0793205,31.3350863],[121.0679453,31.3386767],[121.0657803,31.339569],[121.0611535,31.3408999],[121.0605581,31.3413993],[121.0590588,31.3418529]]}},{"type":"Feature","id":"way/1015848029","properties":{"osm_id":1015848029,"name":"Unnamed waterway","name_en":null,"waterway":"canal","source_url":"https://www.openstreetmap.org/way/1015848029"},"geometry":{"type":"LineString","coordinates":[[120.8840492,31.2415174],[120.8836737,31.2448655],[120.8835986,31.2478924],[120.8934873,31.2515182],[120.8952501,31.2525977],[120.89937,31.2556428],[120.901859,31.2577522],[120.9047022,31.2611639],[120.9050616,31.2624617],[120.9063974,31.263741],[120.9062254,31.2651075],[120.9065336,31.2654495],[120.9170991,31.2684456],[120.9184134,31.2683035],[120.9209695,31.2689821],[120.9222141,31.2691127],[120.9230563,31.2695575],[120.9262347,31.2698395],[120.9301668,31.2706327],[120.9308964,31.2705227]]}},{"type":"Feature","id":"way/755497599","properties":{"osm_id":755497599,"name":"Unnamed waterway","name_en":null,"waterway":"canal","source_url":"https://www.openstreetmap.org/way/755497599"},"geometry":{"type":"LineString","coordinates":[[121.0429632,31.1180085],[121.0125555,31.1139458],[121.0095764,31.1137524],[121.0082285,31.1141917],[121.0068793,31.1150691],[121.0070577,31.1155764],[121.0082997,31.1164265],[121.0087424,31.1171396],[121.0088142,31.1174457],[121.0082126,31.1193264],[121.0099229,31.1214539],[121.0101635,31.123195],[121.0099838,31.1249056],[121.009512,31.1260421],[121.0107049,31.1293626],[121.0113948,31.1294646],[121.0116206,31.127722],[121.0124282,31.1270306],[121.0138867,31.1272602],[121.0149837,31.1267256],[121.0136222,31.1256158],[121.013497,31.1258853]]}},{"type":"Feature","id":"way/359778073","properties":{"osm_id":359778073,"name":"Unnamed waterway","name_en":null,"waterway":"canal","source_url":"https://www.openstreetmap.org/way/359778073"},"geometry":{"type":"LineString","coordinates":[[120.9414875,31.3371098],[120.9409596,31.3383454],[120.9407411,31.3405784],[120.9411631,31.3464598],[120.9417738,31.3713048],[120.9446213,31.3710627],[120.9476652,31.3704966],[120.9504906,31.3695123],[120.9578592,31.3650541],[120.9613779,31.3633233],[120.9625833,31.3625193]]}},{"type":"Feature","id":"way/339287847","properties":{"osm_id":339287847,"name":"Unnamed waterway","name_en":null,"waterway":"canal","source_url":"https://www.openstreetmap.org/way/339287847"},"geometry":{"type":"LineString","coordinates":[[121.0747936,31.0759845],[121.074416,31.0775175],[121.0739869,31.0782458],[121.0747701,31.0827689],[121.0746092,31.0854978],[121.0730588,31.0880475],[121.0722327,31.0899126],[121.070559,31.0947544],[121.0706234,31.0975197],[121.0703015,31.1010199],[121.0696363,31.102352],[121.0693252,31.102701],[121.06866,31.1029583],[121.0680083,31.1040972],[121.0677987,31.1059639],[121.0679804,31.1098528],[121.0683577,31.1116477],[121.0702304,31.1137416],[121.0713485,31.1160389],[121.0728368,31.1182799],[121.0742005,31.121334],[121.0758311,31.1234828],[121.0759991,31.1242865],[121.075656,31.1256862]]}},{"type":"Feature","id":"way/186089748","properties":{"osm_id":186089748,"name":"Unnamed waterway","name_en":null,"waterway":"canal","source_url":"https://www.openstreetmap.org/way/186089748"},"geometry":{"type":"LineString","coordinates":[[120.931267,31.0613808],[120.9348612,31.0626583],[120.9385304,31.062355],[120.9386699,31.0635589],[120.9799273,31.0799489],[120.9818426,31.0808386],[120.9850609,31.0827803]]}},{"type":"Feature","id":"way/347250616","properties":{"osm_id":347250616,"name":"Unnamed waterway","name_en":null,"waterway":"canal","source_url":"https://www.openstreetmap.org/way/347250616"},"geometry":{"type":"LineString","coordinates":[[120.9155544,31.225144],[120.9160858,31.2272066],[120.917524,31.2272456],[120.9183066,31.2274818],[120.9180277,31.2296561],[120.9181677,31.2319152],[120.9188115,31.2347843],[120.9192298,31.2358691],[120.9190791,31.2419854],[120.9184037,31.2439324],[120.9169119,31.2453427],[120.9143584,31.2470213],[120.9113758,31.2482866],[120.9083293,31.2489039],[120.9057432,31.2490204],[120.8944779,31.2455261],[120.8883517,31.2427468],[120.8875253,31.2420586]]}},{"type":"Feature","id":"way/359736119","properties":{"osm_id":359736119,"name":"Unnamed waterway","name_en":null,"waterway":"canal","source_url":"https://www.openstreetmap.org/way/359736119"},"geometry":{"type":"LineString","coordinates":[[120.9638044,31.3793734],[120.9638118,31.3813596],[120.9628098,31.3839131],[120.9615515,31.3862801],[120.9606549,31.3875601],[120.9605268,31.3882547],[120.9606323,31.3888464],[120.9624481,31.3894188],[120.9635783,31.3900298],[120.9647762,31.3901521],[120.9660194,31.389824],[120.9668858,31.3898047],[120.9685057,31.3903386],[120.9698317,31.3919614],[120.9701057,31.3926499],[120.9695555,31.3944617],[120.9695686,31.3949985],[120.9696341,31.3954682],[120.9703809,31.396251],[120.9705512,31.3967095],[120.9703547,31.3977719],[120.969621,31.3982193],[120.9680357,31.3982752],[120.967564,31.3986219],[120.9681667,31.3992817],[120.9698699,31.3999526],[120.9694375,31.4013728],[120.9687956,31.402178],[120.9686646,31.4026924],[120.9691493,31.4041126],[120.9683763,31.4061925],[120.9685597,31.4066062],[120.9699223,31.4079033],[120.9698568,31.4087419],[120.9688218,31.4104416],[120.9687039,31.4109895],[120.9687432,31.4118393],[120.9693196,31.4131028],[120.9694506,31.4141985],[120.9690445,31.4176087]]}},{"type":"Feature","id":"way/1340066989","properties":{"osm_id":1340066989,"name":"Unnamed waterway","name_en":null,"waterway":"canal","source_url":"https://www.openstreetmap.org/way/1340066989"},"geometry":{"type":"LineString","coordinates":[[120.8721155,31.4503457],[120.8717191,31.4495792],[120.871698,31.4476781],[120.8720705,31.4386103],[120.871949,31.4297205],[120.8720406,31.426518],[120.8723518,31.4239924],[120.8739507,31.4214302],[120.8734197,31.4200137],[120.8739141,31.4183941],[120.873792,31.4161547],[120.8745548,31.4126288],[120.8771484,31.4059413],[120.8773742,31.4046965],[120.8782957,31.4024255]]}},{"type":"Feature","id":"way/359740482","properties":{"osm_id":359740482,"name":"Unnamed waterway","name_en":null,"waterway":"canal","source_url":"https://www.openstreetmap.org/way/359740482"},"geometry":{"type":"LineString","coordinates":[[121.0406407,31.3710574],[121.0370303,31.3711153],[121.0358049,31.3708605],[121.0326936,31.3710607],[121.0292946,31.3709151],[121.0278029,31.3710607],[121.0213032,31.3709242],[120.9849308,31.3709756]]}},{"type":"Feature","id":"way/891274802","properties":{"osm_id":891274802,"name":"Unnamed waterway","name_en":null,"waterway":"canal","source_url":"https://www.openstreetmap.org/way/891274802"},"geometry":{"type":"LineString","coordinates":[[120.9773357,31.2325029],[120.9772128,31.2331788],[120.9773737,31.2344585],[120.9787631,31.2351374],[120.9793103,31.2384536],[120.9792942,31.2419852],[120.9789455,31.2429484],[120.9790776,31.2449389],[120.9793849,31.2462506],[120.9793639,31.2566792],[120.9798627,31.2773204]]}},{"type":"Feature","id":"way/665050561","properties":{"osm_id":665050561,"name":"Unnamed waterway","name_en":null,"waterway":"canal","source_url":"https://www.openstreetmap.org/way/665050561"},"geometry":{"type":"LineString","coordinates":[[120.8403397,31.4093948],[120.8405167,31.4082869],[120.8411711,31.406341],[120.8412301,31.405636],[120.8408761,31.4044272],[120.8413911,31.4038503],[120.842303,31.4012771],[120.8426142,31.4008833],[120.8447707,31.3999035],[120.8446741,31.3987496],[120.8449423,31.3975316],[120.8446848,31.3957046],[120.8464819,31.3927877],[120.846616,31.3924305],[120.8464926,31.3911163],[120.8467823,31.3899349],[120.8473992,31.3890968],[120.8476674,31.3854333],[120.8473563,31.3841694],[120.8477211,31.3829237],[120.8487403,31.3812017],[120.8493143,31.3789485],[120.8504194,31.3763288],[120.851189,31.3737311],[120.8534908,31.3684242]]}},{"type":"Feature","id":"way/1111164509","properties":{"osm_id":1111164509,"name":"Unnamed waterway","name_en":null,"waterway":"canal","source_url":"https://www.openstreetmap.org/way/1111164509"},"geometry":{"type":"LineString","coordinates":[[121.0860043,31.3914234],[121.0816219,31.3907818],[121.081953,31.4027606],[121.0819262,31.4275325],[121.0812023,31.4296143]]}},{"type":"Feature","id":"way/359740484","properties":{"osm_id":359740484,"name":"Unnamed waterway","name_en":null,"waterway":"canal","source_url":"https://www.openstreetmap.org/way/359740484"},"geometry":{"type":"LineString","coordinates":[[121.0032011,31.362722],[121.0069727,31.3626705],[121.0075227,31.362381],[121.0078919,31.361757],[121.0082988,31.3616347],[121.0095645,31.3619757],[121.0098734,31.3625804],[121.0102276,31.3627799],[121.0108981,31.3627477],[121.0109283,31.3590677],[121.0082385,31.3593122],[121.0080727,31.3589969],[121.0078919,31.3590033],[121.0073042,31.3594151],[121.0065508,31.359444],[121.0065094,31.3591384],[121.0032106,31.3592149],[121.0032819,31.3810233]]}},{"type":"Feature","id":"way/339296609","properties":{"osm_id":339296609,"name":"Unnamed waterway","name_en":null,"waterway":"canal","source_url":"https://www.openstreetmap.org/way/339296609"},"geometry":{"type":"LineString","coordinates":[[121.0990522,31.1667254],[121.0991884,31.1870067],[121.0990629,31.1904642],[121.0980125,31.190437],[121.0901835,31.189149],[121.0891521,31.1886889],[121.083458,31.1888198]]}},{"type":"Feature","id":"way/887513471","properties":{"osm_id":887513471,"name":"Unnamed waterway","name_en":null,"waterway":"stream","source_url":"https://www.openstreetmap.org/way/887513471"},"geometry":{"type":"LineString","coordinates":[[121.0906127,31.3390186],[121.0932146,31.3379569],[121.0964903,31.3380782],[121.0971312,31.3374835],[121.097655,31.3374256],[121.0981603,31.3370045],[121.1000151,31.3364203],[121.10028,31.336094],[121.1011674,31.3359887],[121.1016911,31.3355677],[121.1028003,31.3352887],[121.1031146,31.3347361],[121.103626,31.3347887],[121.1047229,31.3340992],[121.1071877,31.3336623],[121.1078101,31.3331728],[121.1096957,31.332757],[121.1101086,31.3323781],[121.1109158,31.3323307],[121.1115197,31.331757],[121.1129801,31.3315412],[121.114003,31.330999],[121.1151368,31.3306832],[121.1155127,31.3301779],[121.1174723,31.3299726],[121.1180885,31.3294042],[121.1199001,31.329041],[121.1207259,31.3284725],[121.1221185,31.3283041],[121.1234434,31.3272671],[121.1243738,31.3275145],[121.1253967,31.3266723],[121.1266062,31.3268273]]}},{"type":"Feature","id":"way/724652615","properties":{"osm_id":724652615,"name":"Unnamed waterway","name_en":null,"waterway":"canal","source_url":"https://www.openstreetmap.org/way/724652615"},"geometry":{"type":"LineString","coordinates":[[120.9946749,31.1965541],[120.9948349,31.194705],[120.9961331,31.1912542],[120.9962082,31.1901987],[120.9948349,31.1876931],[120.9937773,31.1852681],[120.9921098,31.1789366],[120.9919059,31.1774863],[120.9923894,31.1735659],[120.9919166,31.1715013],[120.9911012,31.1695551],[120.9904575,31.168784],[120.984182,31.1671594]]}},{"type":"Feature","id":"way/360458168","properties":{"osm_id":360458168,"name":"Unnamed waterway","name_en":null,"waterway":"canal","source_url":"https://www.openstreetmap.org/way/360458168"},"geometry":{"type":"LineString","coordinates":[[120.9886487,31.277418],[120.9881656,31.2429691]]}},{"type":"Feature","id":"way/339287852","properties":{"osm_id":339287852,"name":"Unnamed waterway","name_en":null,"waterway":"canal","source_url":"https://www.openstreetmap.org/way/339287852"},"geometry":{"type":"LineString","coordinates":[[121.0275194,31.0848099],[121.0327664,31.0864447],[121.0337582,31.087148],[121.0359871,31.0878968],[121.0379025,31.0889259],[121.0386823,31.0895616],[121.041017,31.0924714],[121.0406347,31.0947917],[121.0407787,31.0954986],[121.0412774,31.0961249],[121.0438706,31.097145],[121.0465745,31.0975104],[121.0481038,31.0980987],[121.049622,31.0992184],[121.0505307,31.101064],[121.0516888,31.1016761],[121.0525199,31.1018563],[121.0544205,31.1014958],[121.0559885,31.1023972],[121.0566389,31.1025014]]}},{"type":"Feature","id":"way/80408000","properties":{"osm_id":80408000,"name":"Unnamed waterway","name_en":null,"waterway":"canal","source_url":"https://www.openstreetmap.org/way/80408000"},"geometry":{"type":"LineString","coordinates":[[121.1037639,31.1495953],[121.1025387,31.1499635],[121.101322,31.1514462],[121.1002011,31.1520093],[121.0992117,31.1532725],[121.0974695,31.1549247],[121.0970959,31.155618],[121.0961623,31.1597468],[121.094936,31.1628027],[121.0945382,31.1644159],[121.0944819,31.1662704],[121.0947266,31.1676029],[121.094613,31.1690631],[121.0936973,31.1693296],[121.0931718,31.1697095],[121.0928947,31.1702911],[121.0927781,31.1714671],[121.0900407,31.171425],[121.0900566,31.1755916],[121.0898016,31.1761535],[121.0897139,31.1772421]]}},{"type":"Feature","id":"way/755489161","properties":{"osm_id":755489161,"name":"Unnamed waterway","name_en":null,"waterway":"canal","source_url":"https://www.openstreetmap.org/way/755489161"},"geometry":{"type":"LineString","coordinates":[[121.0120342,31.0907025],[121.013671,31.0925745],[121.0139238,31.0933936],[121.0142586,31.0936452],[121.0200523,31.0943122],[121.0214256,31.0953302],[121.0219859,31.0951956],[121.0238306,31.0939436],[121.0248896,31.0936569],[121.0256206,31.0937973],[121.0261125,31.0943414],[121.0268436,31.0947451],[121.0295355,31.0982729],[121.0308951,31.0987936],[121.0314075,31.0998408],[121.0327671,31.1004609],[121.034892,31.1007476],[121.0353976,31.1011278],[121.0363609,31.1028712],[121.036969,31.1031461],[121.040877,31.1037721],[121.0419019,31.1041055],[121.0424897,31.1045331]]}},{"type":"Feature","id":"way/1060205769","properties":{"osm_id":1060205769,"name":"Unnamed waterway","name_en":null,"waterway":"canal","source_url":"https://www.openstreetmap.org/way/1060205769"},"geometry":{"type":"LineString","coordinates":[[121.0732403,31.1638396],[121.0723085,31.1638524],[121.0691238,31.1630078],[121.0687693,31.1624945],[121.0686915,31.161904],[121.0682417,31.161542],[121.066617,31.1605539],[121.0659254,31.1604447],[121.0648915,31.1605884],[121.0642806,31.1604217],[121.0633407,31.1593991],[121.0622329,31.1588131],[121.0610177,31.1572734],[121.0603464,31.1570091],[121.0595072,31.1570436],[121.0572849,31.1578135],[121.0518133,31.157193],[121.0499737,31.1563484],[121.0491009,31.1561933],[121.0484027,31.1556245],[121.0456098,31.1549523],[121.0452809,31.1551706],[121.0448243,31.1568598],[121.0425014,31.1567678],[121.0402106,31.1574125]]}},{"type":"Feature","id":"way/35159927","properties":{"osm_id":35159927,"name":"Unnamed waterway","name_en":null,"waterway":"canal","source_url":"https://www.openstreetmap.org/way/35159927"},"geometry":{"type":"LineString","coordinates":[[121.0921835,31.1365104],[121.0952313,31.1400619],[121.0961494,31.1417049],[121.0989659,31.1436155],[121.1015349,31.1449171],[121.1021331,31.1455088],[121.1022841,31.1470772],[121.1040089,31.1498625],[121.1046281,31.1514617],[121.1052965,31.1523428],[121.1057777,31.1525781],[121.1073205,31.1528464],[121.1080393,31.1526662],[121.1095866,31.1520508],[121.1101232,31.1514106],[121.1104948,31.1503202],[121.110627,31.1479679],[121.1102494,31.1433238]]}},{"type":"Feature","id":"way/360148963","properties":{"osm_id":360148963,"name":"Unnamed waterway","name_en":null,"waterway":"canal","source_url":"https://www.openstreetmap.org/way/360148963"},"geometry":{"type":"LineString","coordinates":[[121.0090112,31.4174344],[121.041535,31.4181847],[121.0471223,31.4201694]]}},{"type":"Feature","id":"way/342318587","properties":{"osm_id":342318587,"name":"Unnamed waterway","name_en":null,"waterway":"canal","source_url":"https://www.openstreetmap.org/way/342318587"},"geometry":{"type":"LineString","coordinates":[[121.0031506,31.2887706],[121.0075677,31.2886639],[121.0100562,31.2883845],[121.0124948,31.2878083],[121.034555,31.2809799],[121.0389207,31.2787194]]}},{"type":"Feature","id":"way/362212324","properties":{"osm_id":362212324,"name":"Unnamed waterway","name_en":null,"waterway":"canal","source_url":"https://www.openstreetmap.org/way/362212324"},"geometry":{"type":"LineString","coordinates":[[120.8996649,31.4271797],[120.8945298,31.4303677],[120.8932745,31.4305799],[120.8877739,31.4358694],[120.8874483,31.4363089],[120.8877621,31.438264],[120.8878095,31.4409566],[120.8862463,31.4403402],[120.8852279,31.4395522],[120.8843812,31.4385772],[120.8840615,31.4385216],[120.8845896,31.4478651]]}},{"type":"Feature","id":"way/1052187985","properties":{"osm_id":1052187985,"name":"Unnamed waterway","name_en":null,"waterway":"canal","source_url":"https://www.openstreetmap.org/way/1052187985"},"geometry":{"type":"LineString","coordinates":[[121.086399,31.0778117],[121.0859561,31.0783314],[121.0833373,31.0798951],[121.0825334,31.0810281],[121.0823807,31.083721],[121.0815972,31.0882265],[121.081994,31.0903702],[121.081933,31.0927144],[121.0822688,31.094248],[121.0818923,31.0977161],[121.0815259,31.0994065],[121.0815158,31.1005044],[121.0820653,31.1010621],[121.0834187,31.1018463],[121.0849756,31.1042424],[121.0853521,31.1053402],[121.0853725,31.1069434]]}},{"type":"Feature","id":"way/1454185735","properties":{"osm_id":1454185735,"name":"Unnamed waterway","name_en":null,"waterway":"canal","source_url":"https://www.openstreetmap.org/way/1454185735"},"geometry":{"type":"LineString","coordinates":[[121.053364,31.3833356],[121.0536142,31.3848001],[121.0532143,31.3857081],[121.0531629,31.3863954],[121.053439,31.3874529],[121.0537191,31.3914796],[121.0533736,31.393409],[121.0535085,31.4066668],[121.0532051,31.4080442],[121.0525733,31.4094027],[121.0518938,31.4103075],[121.0485003,31.4135324]]}},{"type":"Feature","id":"way/80397098","properties":{"osm_id":80397098,"name":"Unnamed waterway","name_en":null,"waterway":"canal","source_url":"https://www.openstreetmap.org/way/80397098"},"geometry":{"type":"LineString","coordinates":[[121.0446135,31.1282829],[121.046378,31.1296944],[121.0493568,31.1316542],[121.050911,31.1335688],[121.0538424,31.1351513],[121.0569833,31.136128],[121.0591723,31.1375073],[121.0632621,31.1383364],[121.0645173,31.1391705],[121.0666363,31.1394621],[121.067516,31.140484],[121.0680688,31.140742],[121.0715497,31.1412936],[121.0735965,31.1419065],[121.0757351,31.1431249]]}},{"type":"Feature","id":"way/382651506","properties":{"osm_id":382651506,"name":"Unnamed waterway","name_en":null,"waterway":"canal","source_url":"https://www.openstreetmap.org/way/382651506"},"geometry":{"type":"LineString","coordinates":[[120.882734,31.3455815],[120.8829204,31.3305106],[120.8834931,31.329077],[120.8835339,31.3278145],[120.883829,31.3272967],[120.8838451,31.3260228],[120.8843172,31.325253],[120.8845639,31.32309],[120.8844674,31.3218619],[120.8837861,31.3210554],[120.8848268,31.3195752],[120.8874339,31.317852],[120.8886815,31.3167269]]}},{"type":"Feature","id":"way/478235565","properties":{"osm_id":478235565,"name":"Unnamed waterway","name_en":null,"waterway":"canal","source_url":"https://www.openstreetmap.org/way/478235565"},"geometry":{"type":"LineString","coordinates":[[120.8868337,31.3132259],[120.8870641,31.3126967],[120.8851523,31.2822907]]}},{"type":"Feature","id":"way/359953482","properties":{"osm_id":359953482,"name":"Unnamed waterway","name_en":null,"waterway":"canal","source_url":"https://www.openstreetmap.org/way/359953482"},"geometry":{"type":"LineString","coordinates":[[121.0552722,31.3726155],[121.0554258,31.3722352],[121.0790869,31.3721914],[121.0791892,31.3628325]]}},{"type":"Feature","id":"way/1340066987","properties":{"osm_id":1340066987,"name":"Unnamed waterway","name_en":null,"waterway":"canal","source_url":"https://www.openstreetmap.org/way/1340066987"},"geometry":{"type":"LineString","coordinates":[[120.9107305,31.4140379],[120.9085513,31.4015588],[120.9033847,31.4020568],[120.9007205,31.4018528],[120.8990193,31.4021588],[120.8985484,31.4024168],[120.8976345,31.4035148],[120.8936437,31.4055663],[120.8900066,31.4046965]]}},{"type":"Feature","id":"way/359380709","properties":{"osm_id":359380709,"name":"Unnamed waterway","name_en":null,"waterway":"canal","source_url":"https://www.openstreetmap.org/way/359380709"},"geometry":{"type":"LineString","coordinates":[[121.0254282,31.3874927],[121.003038,31.3873895],[120.9927893,31.3871265],[120.9929073,31.3850844]]}},{"type":"Feature","id":"way/342230525","properties":{"osm_id":342230525,"name":"Unnamed waterway","name_en":null,"waterway":"canal","source_url":"https://www.openstreetmap.org/way/342230525"},"geometry":{"type":"LineString","coordinates":[[121.0266123,31.1742638],[121.0260059,31.1750952],[121.0263573,31.1763406],[121.0278379,31.1791964],[121.0278402,31.1819032],[121.0287791,31.184446],[121.0299586,31.1854873],[121.0300088,31.18582],[121.0296574,31.1871619],[121.0296449,31.1935381],[121.0295822,31.1939138],[121.0287289,31.194998],[121.0287163,31.1957171],[121.0307617,31.1979605],[121.0330831,31.1988728],[121.0330329,31.1993988],[121.0320412,31.2006564]]}},{"type":"Feature","id":"way/458230083","properties":{"osm_id":458230083,"name":"Unnamed waterway","name_en":null,"waterway":"stream","source_url":"https://www.openstreetmap.org/way/458230083"},"geometry":{"type":"LineString","coordinates":[[120.8756892,31.4000541],[120.881466,31.4012279],[120.8852466,31.4029042],[120.887997,31.4024567],[120.8903381,31.4026961],[120.8923204,31.4036383],[120.893461,31.4038777],[120.8940451,31.4036736],[120.8947947,31.4013929],[120.8959695,31.3965531],[120.8955296,31.3911274]]}},{"type":"Feature","id":"way/342318594","properties":{"osm_id":342318594,"name":"Unnamed waterway","name_en":null,"waterway":"canal","source_url":"https://www.openstreetmap.org/way/342318594"},"geometry":{"type":"LineString","coordinates":[[121.0788168,31.2500999],[121.0803289,31.250407],[121.0851234,31.2507355],[121.0852441,31.2508807],[121.083564,31.2581958],[121.082009,31.2636197],[121.0807802,31.2660794],[121.0802082,31.2666943],[121.0786961,31.2691107],[121.077932,31.2690687],[121.0766764,31.2698822],[121.0758766,31.2706498],[121.0752011,31.2718392]]}},{"type":"Feature","id":"way/1340066963","properties":{"osm_id":1340066963,"name":"Unnamed waterway","name_en":null,"waterway":"canal","source_url":"https://www.openstreetmap.org/way/1340066963"},"geometry":{"type":"LineString","coordinates":[[120.8667462,31.3977174],[120.8671234,31.3980786],[120.8671877,31.3984162],[120.8669302,31.3993192],[120.8680525,31.3996225],[120.8716868,31.3996587],[120.872614,31.3992652],[120.8743994,31.3994326],[120.8747067,31.3991205],[120.875098,31.3921897],[120.8800899,31.3921585],[120.8836538,31.3917105],[120.8844941,31.3918545],[120.8906976,31.3916974]]}},{"type":"Feature","id":"way/503038312","properties":{"osm_id":503038312,"name":"Unnamed waterway","name_en":null,"waterway":"canal","source_url":"https://www.openstreetmap.org/way/503038312"},"geometry":{"type":"LineString","coordinates":[[120.8534908,31.3684242],[120.8548665,31.3623589],[120.8548987,31.3609389],[120.8551454,31.3599861],[120.8552635,31.3585752],[120.8546841,31.3555152],[120.8547377,31.3536919],[120.8556417,31.3515892],[120.856272,31.3471683],[120.8479104,31.3456762]]}},{"type":"Feature","id":"way/724652604","properties":{"osm_id":724652604,"name":"Unnamed waterway","name_en":null,"waterway":"canal","source_url":"https://www.openstreetmap.org/way/724652604"},"geometry":{"type":"LineString","coordinates":[[120.9620476,31.1893084],[120.9603685,31.1850038],[120.9595638,31.1841456],[120.9592366,31.1831589],[120.9592259,31.1814608],[120.9594405,31.1809468],[120.9596872,31.1779728],[120.9594726,31.1771375],[120.9593975,31.1737044],[120.960331,31.1709321],[120.9603631,31.170262],[120.9601486,31.1682332],[120.9595424,31.1668561],[120.9597852,31.1659538],[120.9597421,31.1628397],[120.9592085,31.16139]]}},{"type":"Feature","id":"way/80397101","properties":{"osm_id":80397101,"name":"Unnamed waterway","name_en":null,"waterway":"canal","source_url":"https://www.openstreetmap.org/way/80397101"},"geometry":{"type":"LineString","coordinates":[[121.0839587,31.2072799],[121.0938279,31.2075845],[121.0989611,31.2083108],[121.101962,31.2076641],[121.1060281,31.2072883],[121.1083985,31.2065408],[121.1128142,31.205969],[121.114794,31.2060392],[121.1170407,31.2065265]]}},{"type":"Feature","id":"way/661448784","properties":{"osm_id":661448784,"name":"Unnamed waterway","name_en":null,"waterway":"canal","source_url":"https://www.openstreetmap.org/way/661448784"},"geometry":{"type":"LineString","coordinates":[[121.0826376,31.182435],[121.09972,31.182778],[121.100058,31.1824774],[121.0999668,31.1809262],[121.1002082,31.180738],[121.1026302,31.1805728],[121.1034134,31.1807518],[121.1050522,31.1804672],[121.1064175,31.1805957],[121.1068064,31.1807655],[121.1075279,31.1815618],[121.108802,31.1819221],[121.1101833,31.1813668],[121.1108726,31.18038],[121.1118717,31.1802077]]}},{"type":"Feature","id":"way/632930044","properties":{"osm_id":632930044,"name":"Unnamed waterway","name_en":null,"waterway":"canal","source_url":"https://www.openstreetmap.org/way/632930044"},"geometry":{"type":"LineString","coordinates":[[121.0545449,31.4083784],[121.0873055,31.4082695]]}},{"type":"Feature","id":"way/398866622","properties":{"osm_id":398866622,"name":"Unnamed waterway","name_en":null,"waterway":"canal","source_url":"https://www.openstreetmap.org/way/398866622"},"geometry":{"type":"LineString","coordinates":[[121.0295996,31.1096137],[121.0288291,31.1220813],[121.0290061,31.1226048],[121.0287513,31.1232982],[121.0280754,31.1341674],[121.0281274,31.1347718],[121.0289188,31.136424],[121.0295955,31.1369523]]}},{"type":"Feature","id":"way/359743449","properties":{"osm_id":359743449,"name":"Unnamed waterway","name_en":null,"waterway":"canal","source_url":"https://www.openstreetmap.org/way/359743449"},"geometry":{"type":"LineString","coordinates":[[121.0118242,31.3437482],[121.0119628,31.3479069],[121.0127299,31.3500817],[121.0371912,31.3463342]]}},{"type":"Feature","id":"way/1084655481","properties":{"osm_id":1084655481,"name":"Unnamed waterway","name_en":null,"waterway":"canal","source_url":"https://www.openstreetmap.org/way/1084655481"},"geometry":{"type":"LineString","coordinates":[[121.0699796,31.4083509],[121.070044,31.4088042],[121.0697114,31.4096238],[121.0640466,31.4172853],[121.0640064,31.4175623],[121.0696647,31.4213314],[121.07188,31.4222766],[121.0729497,31.4224352],[121.0819799,31.4224376]]}},{"type":"Feature","id":"way/360456226","properties":{"osm_id":360456226,"name":"Unnamed waterway","name_en":null,"waterway":"canal","source_url":"https://www.openstreetmap.org/way/360456226"},"geometry":{"type":"LineString","coordinates":[[120.9380059,31.300953],[120.9382732,31.2998702],[120.9393507,31.2973922],[120.939368,31.2959145],[120.9398163,31.294839],[120.9397904,31.2943528],[120.9380059,31.2923639],[120.9380232,31.2911189],[120.9403335,31.2834277],[120.9420059,31.2837666],[120.9422301,31.2832951],[120.9425232,31.2810259],[120.9424628,31.2793903],[120.9427818,31.2778357],[120.9426016,31.2763919]]}},{"type":"Feature","id":"way/360456228","properties":{"osm_id":360456228,"name":"Unnamed waterway","name_en":null,"waterway":"canal","source_url":"https://www.openstreetmap.org/way/360456228"},"geometry":{"type":"LineString","coordinates":[[120.93611,31.3162904],[120.9315145,31.3136142],[120.9317818,31.3131208],[120.9335921,31.3116183],[120.933799,31.3112206],[120.9377818,31.3075747],[120.9362387,31.3064699],[120.9344542,31.3044886],[120.9333335,31.3052988],[120.9327559,31.3064773],[120.9317387,31.3072875],[120.9298766,31.3092909],[120.9287818,31.3111322],[120.9273759,31.312646]]}},{"type":"Feature","id":"way/360142829","properties":{"osm_id":360142829,"name":"Unnamed waterway","name_en":null,"waterway":"canal","source_url":"https://www.openstreetmap.org/way/360142829"},"geometry":{"type":"LineString","coordinates":[[121.0001765,31.417386],[121.0090112,31.4174344],[121.009309,31.4070746],[121.0088268,31.4068205],[121.0087346,31.4024329],[121.0095784,31.402439],[121.0098601,31.3985531]]}},{"type":"Feature","id":"way/361222854","properties":{"osm_id":361222854,"name":"Unnamed waterway","name_en":null,"waterway":"canal","source_url":"https://www.openstreetmap.org/way/361222854"},"geometry":{"type":"LineString","coordinates":[[121.0472854,31.4194433],[121.0498881,31.4211215],[121.0560274,31.4255909],[121.0565723,31.425815],[121.0555648,31.4287689],[121.0550512,31.429662],[121.0542358,31.4328566],[121.0541182,31.4334253],[121.05442,31.4337531],[121.0544906,31.4353386],[121.0520561,31.4355895],[121.0517228,31.4365829],[121.0479593,31.4355527],[121.0476888,31.4355761],[121.0474889,31.4358972]]}},{"type":"Feature","id":"way/608472226","properties":{"osm_id":608472226,"name":"Unnamed waterway","name_en":null,"waterway":"canal","source_url":"https://www.openstreetmap.org/way/608472226"},"geometry":{"type":"LineString","coordinates":[[120.8488801,31.0958999],[120.8505355,31.095376],[120.8528644,31.0951069],[120.8542134,31.0951897],[120.8558428,31.0947153],[120.8591802,31.0941603],[120.8615019,31.0943058],[120.8631526,31.0930944],[120.8656073,31.093445],[120.8675044,31.0929965],[120.8712134,31.093239],[120.8734683,31.092942],[120.874698,31.0925355],[120.8766496,31.092754],[120.8793441,31.0927384]]}},{"type":"Feature","id":"way/408851085","properties":{"osm_id":408851085,"name":"Unnamed waterway","name_en":null,"waterway":"canal","source_url":"https://www.openstreetmap.org/way/408851085"},"geometry":{"type":"LineString","coordinates":[[121.0731522,31.2114195],[121.0730923,31.2075724],[121.0741049,31.1916615],[121.0779834,31.1925838],[121.0803813,31.1933594],[121.0821839,31.1933233]]}},{"type":"Feature","id":"way/608472231","properties":{"osm_id":608472231,"name":"Unnamed waterway","name_en":null,"waterway":"canal","source_url":"https://www.openstreetmap.org/way/608472231"},"geometry":{"type":"LineString","coordinates":[[120.8506291,31.1000041],[120.8503068,31.098918],[120.8496925,31.0980776],[120.8483259,31.0941017],[120.8464663,31.0901922],[120.8462076,31.0891544],[120.8454316,31.0874321],[120.8445135,31.0859523],[120.8425117,31.081506],[120.8408168,31.0787479],[120.8399671,31.0761772],[120.839878,31.0751195]]}},{"type":"Feature","id":"way/813422244","properties":{"osm_id":813422244,"name":"Unnamed waterway","name_en":null,"waterway":"canal","source_url":"https://www.openstreetmap.org/way/813422244"},"geometry":{"type":"LineString","coordinates":[[121.0637891,31.2491949],[121.0642934,31.2499746],[121.0640627,31.2506029],[121.0643417,31.2515109],[121.0643417,31.2527973],[121.0637069,31.2532079],[121.064015,31.2537663],[121.0636884,31.2541904],[121.0637254,31.2545933],[121.0633957,31.2551833],[121.0636021,31.2558207],[121.0629674,31.2571192],[121.0631338,31.2573405],[121.06428,31.2574089],[121.0644617,31.2576433],[121.0639503,31.2579805],[121.0637901,31.2584071],[121.0633649,31.2584809],[121.0632725,31.2588997],[121.0629644,31.2591499],[121.0631431,31.2596714],[121.0625946,31.2602297],[121.0622588,31.2613201],[121.0614947,31.2615782],[121.0614793,31.261889],[121.0609031,31.2623762],[121.0611435,31.2626053],[121.061202,31.2630952],[121.0608477,31.2636588],[121.0605541,31.2638635],[121.0594287,31.2636578],[121.0592181,31.2639164],[121.0591243,31.2662277],[121.0587597,31.2671852],[121.0594623,31.2684013],[121.0601967,31.2689972],[121.0599502,31.2698994]]}},{"type":"Feature","id":"way/1110388502","properties":{"osm_id":1110388502,"name":"Unnamed waterway","name_en":null,"waterway":"canal","source_url":"https://www.openstreetmap.org/way/1110388502"},"geometry":{"type":"LineString","coordinates":[[120.9858047,31.2165788],[120.9873784,31.231188],[120.9881656,31.2429691]]}},{"type":"Feature","id":"way/359780393","properties":{"osm_id":359780393,"name":"Unnamed waterway","name_en":null,"waterway":"canal","source_url":"https://www.openstreetmap.org/way/359780393"},"geometry":{"type":"LineString","coordinates":[[120.9430366,31.3778402],[120.9426624,31.3784152],[120.9421124,31.3804479],[120.94322,31.3841078],[120.9432652,31.3845966],[120.9427378,31.3863075],[120.9409446,31.3859345],[120.937102,31.3855164],[120.9343068,31.3855807],[120.9302192,31.3845269],[120.9275635,31.384185],[120.9268327,31.3875038],[120.9266067,31.3876196],[120.9266652,31.3882162]]}},{"type":"Feature","id":"way/1057581577","properties":{"osm_id":1057581577,"name":"Unnamed waterway","name_en":null,"waterway":"canal","source_url":"https://www.openstreetmap.org/way/1057581577"},"geometry":{"type":"LineString","coordinates":[[120.8641006,31.1564393],[120.8635903,31.153816],[120.8632669,31.15349],[120.8639668,31.1528153],[120.8641971,31.1515909],[120.8635903,31.1496538],[120.8639358,31.1490777],[120.8658005,31.1479328],[120.8666466,31.1469927],[120.8666067,31.1466364],[120.8658758,31.1458896],[120.865362,31.144885],[120.8651627,31.1432852],[120.8683438,31.1407249],[120.8744667,31.136167],[120.8749105,31.1360013]]}},{"type":"Feature","id":"way/408851083","properties":{"osm_id":408851083,"name":"Unnamed waterway","name_en":null,"waterway":"canal","source_url":"https://www.openstreetmap.org/way/408851083"},"geometry":{"type":"LineString","coordinates":[[121.0987007,31.2069184],[121.1023271,31.1908951],[121.102649,31.1908676],[121.1027348,31.1897249],[121.1124929,31.1893528]]}},{"type":"Feature","id":"way/342318591","properties":{"osm_id":342318591,"name":"Unnamed waterway","name_en":null,"waterway":"canal","source_url":"https://www.openstreetmap.org/way/342318591"},"geometry":{"type":"LineString","coordinates":[[121.0764646,31.2544047],[121.0946502,31.2567612],[121.0970968,31.258204],[121.0989556,31.2588139],[121.0987303,31.2592289],[121.0978156,31.2599947],[121.0941705,31.2626635]]}},{"type":"Feature","id":"way/408851080","properties":{"osm_id":408851080,"name":"Unnamed waterway","name_en":null,"waterway":"canal","source_url":"https://www.openstreetmap.org/way/408851080"},"geometry":{"type":"LineString","coordinates":[[121.0191562,31.2087293],[121.0156877,31.2085942],[121.0146256,31.2087411],[121.0058923,31.2113195],[120.9997232,31.2134025],[120.9953888,31.2145678],[120.9926422,31.2155587],[120.9907633,31.2158787]]}},{"type":"Feature","id":"way/1054151459","properties":{"osm_id":1054151459,"name":"Unnamed waterway","name_en":null,"waterway":"canal","source_url":"https://www.openstreetmap.org/way/1054151459"},"geometry":{"type":"LineString","coordinates":[[121.0274815,31.1553112],[121.0275298,31.156113],[121.0272291,31.1568849],[121.0259137,31.157496],[121.0249365,31.1584073],[121.0246859,31.1590077],[121.0248815,31.1602459],[121.0254353,31.1608259],[121.0256585,31.1615614],[121.0263467,31.162676],[121.0264685,31.1641642],[121.0270802,31.1651685],[121.0269576,31.1664146],[121.0281979,31.1677653],[121.0284359,31.1683978],[121.0276151,31.1711693],[121.0273176,31.1734677],[121.0266123,31.1742638],[121.028483,31.1745356],[121.0314173,31.174281]]}},{"type":"Feature","id":"way/821964773","properties":{"osm_id":821964773,"name":"Unnamed waterway","name_en":null,"waterway":"canal","source_url":"https://www.openstreetmap.org/way/821964773"},"geometry":{"type":"LineString","coordinates":[[120.921426,31.3636688],[120.9213971,31.3677881],[120.9215899,31.3705344],[120.9391137,31.3714506],[120.9399556,31.3695778],[120.9417371,31.3697182]]}},{"type":"Feature","id":"way/348365728","properties":{"osm_id":348365728,"name":"Unnamed waterway","name_en":null,"waterway":"canal","source_url":"https://www.openstreetmap.org/way/348365728"},"geometry":{"type":"LineString","coordinates":[[120.7898479,31.1238192],[120.7849813,31.1168883],[120.784142,31.1153404],[120.7814105,31.1114842],[120.7807647,31.1102011],[120.7764781,31.1044581],[120.7739088,31.1028551]]}},{"type":"Feature","id":"way/887512352","properties":{"osm_id":887512352,"name":"Unnamed waterway","name_en":null,"waterway":"stream","source_url":"https://www.openstreetmap.org/way/887512352"},"geometry":{"type":"LineString","coordinates":[[121.0912559,31.3322259],[121.0915283,31.3327289],[121.0913372,31.3331612],[121.0911638,31.3333365],[121.0904772,31.3333728],[121.0901339,31.3337356],[121.0900773,31.3353196],[121.0907179,31.3359877],[121.09064,31.3363897],[121.0895393,31.3371334],[121.090847,31.3394437],[121.0914086,31.3398313],[121.09143,31.340152],[121.0908238,31.3408072],[121.0911564,31.3417831],[121.091827,31.3418839],[121.0921489,31.342255],[121.0921167,31.3427406],[121.091827,31.3431209],[121.0918431,31.3438677],[121.0929482,31.3447565],[121.0923581,31.3456682],[121.0925995,31.3465937],[121.0928945,31.3469556],[121.093329,31.347093],[121.094756,31.3468915],[121.0961668,31.347148],[121.0967462,31.3474458],[121.098554,31.3472167],[121.1006362,31.3476113]]}},{"type":"Feature","id":"way/339287873","properties":{"osm_id":339287873,"name":"Unnamed waterway","name_en":null,"waterway":"canal","source_url":"https://www.openstreetmap.org/way/339287873"},"geometry":{"type":"LineString","coordinates":[[121.095118,31.1439508],[121.0952798,31.1441975],[121.096012,31.1440195],[121.0966994,31.1443005],[121.0963821,31.1447037],[121.0941663,31.1458638],[121.0939115,31.1462052],[121.0944066,31.1468428],[121.0938923,31.1497553],[121.0922773,31.152968],[121.0913244,31.153805],[121.090128,31.1575702],[121.0904453,31.1590756],[121.0896666,31.1592484],[121.0894743,31.1594623],[121.0890643,31.1610854],[121.0891219,31.1619574],[121.088622,31.1626813],[121.0886749,31.1634628],[121.0883621,31.1647699]]}},{"type":"Feature","id":"way/1209361883","properties":{"osm_id":1209361883,"name":"Unnamed waterway","name_en":null,"waterway":"canal","source_url":"https://www.openstreetmap.org/way/1209361883"},"geometry":{"type":"LineString","coordinates":[[120.9711763,31.342187],[120.9722876,31.3441755],[120.9732444,31.3443621],[120.9736664,31.3457778],[120.9733424,31.3459386],[120.9748719,31.34895],[120.9739602,31.3492653],[120.9742917,31.3500245],[120.9732218,31.3504492],[120.9761452,31.3560276],[120.9735157,31.3570378],[120.9726824,31.3554542],[120.9716471,31.3561756],[120.9713081,31.3566131],[120.9723311,31.3588301]]}},{"type":"Feature","id":"way/1304387809","properties":{"osm_id":1304387809,"name":"Unnamed waterway","name_en":null,"waterway":"canal","source_url":"https://www.openstreetmap.org/way/1304387809"},"geometry":{"type":"LineString","coordinates":[[120.8814278,31.3743728],[120.8826445,31.349379]]}},{"type":"Feature","id":"way/1060197148","properties":{"osm_id":1060197148,"name":"Unnamed waterway","name_en":null,"waterway":"canal","source_url":"https://www.openstreetmap.org/way/1060197148"},"geometry":{"type":"LineString","coordinates":[[121.0393864,31.158922],[121.0416013,31.1587618],[121.043688,31.1582754],[121.047789,31.1578295],[121.0491116,31.1579417],[121.0487453,31.1592484],[121.0487839,31.1601195],[121.0486142,31.1606178],[121.048514,31.1629286],[121.0489998,31.1632619],[121.0483867,31.1674011],[121.0482865,31.1740299]]}},{"type":"Feature","id":"way/339139436","properties":{"osm_id":339139436,"name":"Unnamed waterway","name_en":null,"waterway":"canal","source_url":"https://www.openstreetmap.org/way/339139436"},"geometry":{"type":"LineString","coordinates":[[121.0680578,31.1264166],[121.0664521,31.1254073],[121.0642801,31.1244065],[121.0626208,31.124044],[121.0613344,31.1239693],[121.0564535,31.124281],[121.0533256,31.125329],[121.0484048,31.1275018],[121.0445902,31.1314052],[121.0436335,31.1326567]]}},{"type":"Feature","id":"way/1084655575","properties":{"osm_id":1084655575,"name":"Unnamed waterway","name_en":null,"waterway":"canal","source_url":"https://www.openstreetmap.org/way/1084655575"},"geometry":{"type":"LineString","coordinates":[[121.0915017,31.3638338],[121.0914722,31.364482],[121.0910618,31.3653088],[121.0910888,31.3667338],[121.0903302,31.3693637],[121.090444,31.3698431],[121.0909826,31.3703418],[121.0904667,31.3712098],[121.090406,31.3737489],[121.0901177,31.3752322],[121.0903681,31.3764499],[121.0899812,31.377402],[121.0902893,31.3789531],[121.0899916,31.380951],[121.0904364,31.3818775],[121.0899129,31.3863786],[121.0901784,31.3870004],[121.0902077,31.3878018]]}},{"type":"Feature","id":"way/234311799","properties":{"osm_id":234311799,"name":"Unnamed waterway","name_en":null,"waterway":"canal","source_url":"https://www.openstreetmap.org/way/234311799"},"geometry":{"type":"LineString","coordinates":[[120.8042187,31.3476111],[120.8052995,31.3459066],[120.8065258,31.3461089],[120.8069022,31.3450254],[120.8088644,31.3453216],[120.8109703,31.3452457],[120.8284691,31.3495326],[120.8289428,31.3501899],[120.8296574,31.350421]]}},{"type":"Feature","id":"way/339136693","properties":{"osm_id":339136693,"name":"Unnamed waterway","name_en":null,"waterway":"canal","source_url":"https://www.openstreetmap.org/way/339136693"},"geometry":{"type":"LineString","coordinates":[[121.0222938,31.1234808],[121.0243127,31.1235257],[121.0268726,31.1242827],[121.0286774,31.1244323],[121.0296769,31.1250895],[121.032266,31.1239141],[121.0349423,31.1235406],[121.0362688,31.1235406],[121.0432535,31.1271078],[121.04526,31.1250582],[121.0472368,31.1238183]]}},{"type":"Feature","id":"way/1058237494","properties":{"osm_id":1058237494,"name":"Unnamed waterway","name_en":null,"waterway":"canal","source_url":"https://www.openstreetmap.org/way/1058237494"},"geometry":{"type":"LineString","coordinates":[[120.838668,31.1652512],[120.8317023,31.1670521],[120.8282821,31.1677382],[120.8239599,31.1698607],[120.8231956,31.1714579],[120.8217549,31.1729693],[120.8216547,31.1742556],[120.8219428,31.1749095],[120.8214417,31.1758956],[120.8214292,31.1764316],[120.8221182,31.1779215],[120.8223938,31.1790041],[120.8222803,31.1795389]]}},{"type":"Feature","id":"way/678032632","properties":{"osm_id":678032632,"name":"Unnamed waterway","name_en":null,"waterway":"canal","source_url":"https://www.openstreetmap.org/way/678032632"},"geometry":{"type":"LineString","coordinates":[[121.0788168,31.2500999],[121.07839,31.2508501],[121.0763573,31.2527865],[121.0762236,31.2534708],[121.0764646,31.2544047],[121.0762351,31.2557452],[121.0756879,31.2567715],[121.0749082,31.2574989],[121.0731673,31.261588],[121.0706838,31.2661915],[121.0700925,31.2669872],[121.0700322,31.2684843],[121.0697485,31.2688569],[121.0683964,31.2696445],[121.0681771,31.2702837],[121.0681756,31.2712661]]}},{"type":"Feature","id":"way/1054123495","properties":{"osm_id":1054123495,"name":"Unnamed waterway","name_en":null,"waterway":"canal","source_url":"https://www.openstreetmap.org/way/1054123495"},"geometry":{"type":"LineString","coordinates":[[120.9931064,31.1665352],[120.9928092,31.1640381],[120.9936272,31.1619756],[120.9941875,31.158719],[120.9946421,31.1577641],[120.9952207,31.1569366],[121.0007402,31.1516829],[121.000987,31.1509437],[121.0007731,31.1449008]]}},{"type":"Feature","id":"way/1054151450","properties":{"osm_id":1054151450,"name":"Unnamed waterway","name_en":null,"waterway":"canal","source_url":"https://www.openstreetmap.org/way/1054151450"},"geometry":{"type":"LineString","coordinates":[[121.0075277,31.1582416],[121.007945,31.1648682],[121.0085148,31.1678722],[121.009624,31.1711722],[121.0099496,31.1715292],[121.0123817,31.1775541],[121.0129109,31.1798351],[121.0130059,31.1814182]]}},{"type":"Feature","id":"way/424947001","properties":{"osm_id":424947001,"name":"Unnamed waterway","name_en":null,"waterway":"canal","source_url":"https://www.openstreetmap.org/way/424947001"},"geometry":{"type":"LineString","coordinates":[[121.0226398,31.2981913],[121.0236311,31.297328],[121.0238242,31.2969155],[121.0257554,31.2972088],[121.0262004,31.2954195],[121.0275653,31.2955708],[121.031977,31.2974292],[121.0351633,31.2985878],[121.0356067,31.29859],[121.0356454,31.2973763],[121.0368184,31.2964621],[121.0380119,31.2964643],[121.0384734,31.2960458],[121.0388137,31.2959973],[121.039288,31.2960855],[121.0394711,31.2964467],[121.0409508,31.2961846],[121.0416881,31.2956052],[121.0442315,31.294886]]}},{"type":"Feature","id":"way/234711307","properties":{"osm_id":234711307,"name":"Unnamed waterway","name_en":null,"waterway":"canal","source_url":"https://www.openstreetmap.org/way/234711307"},"geometry":{"type":"LineString","coordinates":[[120.8245495,31.2692976],[120.8241932,31.2696326],[120.8127701,31.2754659],[120.8088739,31.2779177],[120.8051833,31.276604],[120.8006587,31.2746939]]}},{"type":"Feature","id":"way/361162734","properties":{"osm_id":361162734,"name":"Unnamed waterway","name_en":null,"waterway":"canal","source_url":"https://www.openstreetmap.org/way/361162734"},"geometry":{"type":"LineString","coordinates":[[121.0371716,31.2815211],[121.0508934,31.2879468],[121.0509477,31.2887834],[121.0507146,31.2891486],[121.0506991,31.2899189],[121.0445508,31.2902722],[121.0436828,31.290636],[121.0433254,31.2910144],[121.044149,31.2924885]]}},{"type":"Feature","id":"way/342235647","properties":{"osm_id":342235647,"name":"Unnamed waterway","name_en":null,"waterway":"canal","source_url":"https://www.openstreetmap.org/way/342235647"},"geometry":{"type":"LineString","coordinates":[[120.9670091,31.0627311],[120.962936,31.071371],[120.9588738,31.0851219]]}},{"type":"Feature","id":"way/359380706","properties":{"osm_id":359380706,"name":"Unnamed waterway","name_en":null,"waterway":"canal","source_url":"https://www.openstreetmap.org/way/359380706"},"geometry":{"type":"LineString","coordinates":[[121.0305147,31.3811204],[121.0032819,31.3810233]]}},{"type":"Feature","id":"way/409083170","properties":{"osm_id":409083170,"name":"Unnamed waterway","name_en":null,"waterway":"canal","source_url":"https://www.openstreetmap.org/way/409083170"},"geometry":{"type":"LineString","coordinates":[[120.9834319,31.3432762],[120.9993148,31.3421344],[121.0000551,31.3418412],[121.0018951,31.3417449],[121.00182,31.3411035],[121.0061008,31.3402009],[121.0062308,31.3414809],[121.0067779,31.3419344],[121.0078105,31.3419157]]}},{"type":"Feature","id":"way/397779398","properties":{"osm_id":397779398,"name":"Unnamed waterway","name_en":null,"waterway":"canal","source_url":"https://www.openstreetmap.org/way/397779398"},"geometry":{"type":"LineString","coordinates":[[121.0694625,31.2713243],[121.069602,31.2755265],[121.0692156,31.2763305],[121.0696188,31.2764914],[121.0695045,31.2771231],[121.0698162,31.2780409],[121.0688797,31.2788165],[121.0696101,31.2800649],[121.0695992,31.2805717],[121.0701669,31.280822],[121.0696535,31.2815019],[121.0700078,31.2823022],[121.0695558,31.2825494],[121.0695544,31.2847876],[121.0697397,31.2854617],[121.0694356,31.2872727],[121.0696067,31.2878492],[121.0695449,31.2896683],[121.0687419,31.2902815],[121.0666892,31.2906103]]}},{"type":"Feature","id":"way/404250785","properties":{"osm_id":404250785,"name":"Unnamed waterway","name_en":null,"waterway":"canal","source_url":"https://www.openstreetmap.org/way/404250785"},"geometry":{"type":"LineString","coordinates":[[121.0984547,31.2082471],[121.0968986,31.2149709],[121.096979,31.2155536],[121.1030676,31.2159068],[121.1149671,31.2161387]]}},{"type":"Feature","id":"way/1110388490","properties":{"osm_id":1110388490,"name":"Unnamed waterway","name_en":null,"waterway":"canal","source_url":"https://www.openstreetmap.org/way/1110388490"},"geometry":{"type":"LineString","coordinates":[[120.9253335,31.24271],[120.9249097,31.2437143],[120.9239602,31.2448059],[120.9236813,31.2473192],[120.9239495,31.2476632],[120.9240514,31.2484543],[120.92392,31.250009],[120.9234318,31.2514742],[120.9229866,31.2548999],[120.9221792,31.2573327],[120.9222946,31.2585112],[120.9220558,31.2613887],[120.9212244,31.2624755],[120.9211439,31.2642546]]}},{"type":"Feature","id":"way/361747497","properties":{"osm_id":361747497,"name":"Unnamed waterway","name_en":null,"waterway":"canal","source_url":"https://www.openstreetmap.org/way/361747497"},"geometry":{"type":"LineString","coordinates":[[120.9463055,31.2338402],[120.9465132,31.2342407],[120.947682,31.2347213],[120.9485007,31.2354456],[120.950757,31.2357869],[120.9540111,31.2405889],[120.9508506,31.2416405],[120.9487043,31.2420479],[120.9496777,31.2437089],[120.9517034,31.2485884]]}},{"type":"Feature","id":"way/414417885","properties":{"osm_id":414417885,"name":"Unnamed waterway","name_en":null,"waterway":"canal","source_url":"https://www.openstreetmap.org/way/414417885"},"geometry":{"type":"LineString","coordinates":[[120.9347487,31.1679927],[120.9358109,31.1595099],[120.9364164,31.1574459],[120.9364224,31.153262],[120.9367282,31.1503055],[120.9374418,31.1462908]]}},{"type":"Feature","id":"way/609525700","properties":{"osm_id":609525700,"name":"Unnamed waterway","name_en":null,"waterway":"canal","source_url":"https://www.openstreetmap.org/way/609525700"},"geometry":{"type":"LineString","coordinates":[[120.8707741,31.104205],[120.871782,31.1039477],[120.872171,31.1033875],[120.8739923,31.1034026],[120.8749118,31.1030998],[120.8759197,31.1034783],[120.8957415,31.1035734]]}},{"type":"Feature","id":"way/1057057900","properties":{"osm_id":1057057900,"name":"Unnamed waterway","name_en":null,"waterway":"canal","source_url":"https://www.openstreetmap.org/way/1057057900"},"geometry":{"type":"LineString","coordinates":[[120.7820127,31.2617289],[120.7819858,31.2609828],[120.7832797,31.2562727],[120.7859335,31.2482073],[120.7863766,31.2418302],[120.7863833,31.2406133],[120.7861483,31.2404181]]}},{"type":"Feature","id":"way/766883966","properties":{"osm_id":766883966,"name":"Unnamed waterway","name_en":null,"waterway":"canal","source_url":"https://www.openstreetmap.org/way/766883966"},"geometry":{"type":"LineString","coordinates":[[121.0206703,31.2432593],[121.0138691,31.2438866],[120.9978107,31.2437707],[120.9956285,31.2439815]]}},{"type":"Feature","id":"way/1110388504","properties":{"osm_id":1110388504,"name":"Unnamed waterway","name_en":null,"waterway":"canal","source_url":"https://www.openstreetmap.org/way/1110388504"},"geometry":{"type":"LineString","coordinates":[[120.9184037,31.2439324],[120.9262776,31.2425173],[120.9278762,31.2419486],[120.9406268,31.2348768]]}},{"type":"Feature","id":"way/1001246391","properties":{"osm_id":1001246391,"name":"Unnamed waterway","name_en":null,"waterway":"canal","source_url":"https://www.openstreetmap.org/way/1001246391"},"geometry":{"type":"LineString","coordinates":[[121.0269946,31.0714067],[121.0242963,31.0732078],[121.0228586,31.0738143],[121.0193825,31.0760657],[121.0182774,31.0783262],[121.0182023,31.0795942],[121.0169846,31.0820338],[121.0157186,31.0832007],[121.013031,31.0847949],[121.0117249,31.0870433]]}}]}